2025-08-26 17:41:39,863 INFO Starting NacosBootstrap v3.0.3 using Java 17.0.12 with PID 22364 (D:\zhengyiming14\Documents\idea\ElementOJ\nacos-server-3.0.3\nacos\target\nacos-server.jar started by zhengyiming14 in D:\zhengyiming14\Documents\idea\ElementOJ)

2025-08-26 17:41:39,863 INFO The following 1 profile is active: "standalone"

2025-08-26 17:41:39,969 INFO Load Nacos package exclude filter success, package prefix com.alibaba.nacos.config.server, filter com.alibaba.nacos.config.server.filter.ConfigEnabledFilter

2025-08-26 17:41:39,970 INFO Load Nacos package exclude filter success, package prefix com.alibaba.nacos.naming, filter com.alibaba.nacos.naming.config.NamingEnabledFilter

2025-08-26 17:41:39,970 INFO Load Nacos package exclude filter success, package prefix com.alibaba.nacos.ai, filter com.alibaba.nacos.ai.config.AiEnabledFilter

2025-08-26 17:41:39,971 INFO Load Nacos package exclude filter success, package prefix com.alibaba.nacos.istio, filter com.alibaba.nacos.istio.config.IstioEnabledFilter

2025-08-26 17:41:39,971 INFO Load Nacos package exclude filter success, package prefix com.alibaba.nacos.k8s.sync, filter com.alibaba.nacos.k8s.sync.K8sSyncEnabledFilter

2025-08-26 17:41:40,082 INFO Skip @SpringBootApplication annotation for class com.alibaba.nacos.bootstrap.NacosBootstrap to avoid duplicate scan

2025-08-26 17:41:40,084 INFO Skip @SpringBootApplication annotation for class com.alibaba.nacos.Nacos to avoid duplicate scan

2025-08-26 17:41:40,085 INFO Skip @SpringBootApplication annotation for class com.alibaba.nacos.console.NacosConsole to avoid duplicate scan

2025-08-26 17:41:40,129 INFO Skip @SpringBootApplication annotation for class com.alibaba.nacos.config.server.Config to avoid duplicate scan

2025-08-26 17:41:40,233 INFO Skip @SpringBootApplication annotation for class com.alibaba.nacos.naming.NamingApp to avoid duplicate scan

2025-08-26 17:41:40,266 INFO Skip @SpringBootApplication annotation for class com.alibaba.nacos.cmdb.CmdbApp to avoid duplicate scan

2025-08-26 17:41:40,313 INFO Skip @SpringBootApplication annotation for class com.alibaba.nacos.istio.IstioApp to avoid duplicate scan

2025-08-26 17:41:40,313 WARN Istio module disabled because set nacos.extension.naming.istio.enabled as false

2025-08-26 17:41:40,313 WARN Istio module disabled because set nacos.extension.naming.istio.enabled as false

2025-08-26 17:41:40,313 WARN Istio module disabled because set nacos.extension.naming.istio.enabled as false

2025-08-26 17:41:40,315 WARN Istio module disabled because set nacos.extension.naming.istio.enabled as false

2025-08-26 17:41:40,315 WARN Istio module disabled because set nacos.extension.naming.istio.enabled as false

2025-08-26 17:41:40,315 WARN Istio module disabled because set nacos.extension.naming.istio.enabled as false

2025-08-26 17:41:40,315 WARN Istio module disabled because set nacos.extension.naming.istio.enabled as false

2025-08-26 17:41:40,316 WARN Istio module disabled because set nacos.extension.naming.istio.enabled as false

2025-08-26 17:41:40,316 WARN Istio module disabled because set nacos.extension.naming.istio.enabled as false

2025-08-26 17:41:40,316 WARN Istio module disabled because set nacos.extension.naming.istio.enabled as false

2025-08-26 17:41:40,316 WARN Istio module disabled because set nacos.extension.naming.istio.enabled as false

2025-08-26 17:41:40,317 WARN Istio module disabled because set nacos.extension.naming.istio.enabled as false

2025-08-26 17:41:40,317 WARN Istio module disabled because set nacos.extension.naming.istio.enabled as false

2025-08-26 17:41:40,317 WARN Istio module disabled because set nacos.extension.naming.istio.enabled as false

2025-08-26 17:41:40,317 WARN Istio module disabled because set nacos.extension.naming.istio.enabled as false

2025-08-26 17:41:40,317 WARN Istio module disabled because set nacos.extension.naming.istio.enabled as false

2025-08-26 17:41:40,317 WARN Istio module disabled because set nacos.extension.naming.istio.enabled as false

2025-08-26 17:41:40,317 WARN Istio module disabled because set nacos.extension.naming.istio.enabled as false

2025-08-26 17:41:40,317 WARN Istio module disabled because set nacos.extension.naming.istio.enabled as false

2025-08-26 17:41:40,318 WARN Istio module disabled because set nacos.extension.naming.istio.enabled as false

2025-08-26 17:41:40,318 WARN Istio module disabled because set nacos.extension.naming.istio.enabled as false

2025-08-26 17:41:40,318 WARN Istio module disabled because set nacos.extension.naming.istio.enabled as false

2025-08-26 17:41:40,318 WARN Istio module disabled because set nacos.extension.naming.istio.enabled as false

2025-08-26 17:41:40,319 WARN Istio module disabled because set nacos.extension.naming.istio.enabled as false

2025-08-26 17:41:40,319 WARN Istio module disabled because set nacos.extension.naming.istio.enabled as false

2025-08-26 17:41:40,319 WARN Istio module disabled because set nacos.extension.naming.istio.enabled as false

2025-08-26 17:41:40,320 WARN Istio module disabled because set nacos.extension.naming.istio.enabled as false

2025-08-26 17:41:40,320 WARN Istio module disabled because set nacos.extension.naming.istio.enabled as false

2025-08-26 17:41:40,320 WARN Istio module disabled because set nacos.extension.naming.istio.enabled as false

2025-08-26 17:41:40,320 WARN Istio module disabled because set nacos.extension.naming.istio.enabled as false

2025-08-26 17:41:40,320 WARN Istio module disabled because set nacos.extension.naming.istio.enabled as false

2025-08-26 17:41:40,320 WARN Istio module disabled because set nacos.extension.naming.istio.enabled as false

2025-08-26 17:41:40,320 WARN Istio module disabled because set nacos.extension.naming.istio.enabled as false

2025-08-26 17:41:40,320 WARN Istio module disabled because set nacos.extension.naming.istio.enabled as false

2025-08-26 17:41:40,320 WARN Istio module disabled because set nacos.extension.naming.istio.enabled as false

2025-08-26 17:41:40,321 WARN Istio module disabled because set nacos.extension.naming.istio.enabled as false

2025-08-26 17:41:40,321 WARN Istio module disabled because set nacos.extension.naming.istio.enabled as false

2025-08-26 17:41:40,321 WARN Istio module disabled because set nacos.extension.naming.istio.enabled as false

2025-08-26 17:41:40,321 WARN Istio module disabled because set nacos.extension.naming.istio.enabled as false

2025-08-26 17:41:40,321 WARN Istio module disabled because set nacos.extension.naming.istio.enabled as false

2025-08-26 17:41:40,321 WARN Istio module disabled because set nacos.extension.naming.istio.enabled as false

2025-08-26 17:41:40,321 WARN Istio module disabled because set nacos.extension.naming.istio.enabled as false

2025-08-26 17:41:40,321 WARN Istio module disabled because set nacos.extension.naming.istio.enabled as false

2025-08-26 17:41:40,321 WARN Istio module disabled because set nacos.extension.naming.istio.enabled as false

2025-08-26 17:41:40,322 WARN Istio module disabled because set nacos.extension.naming.istio.enabled as false

2025-08-26 17:41:40,322 WARN Istio module disabled because set nacos.extension.naming.istio.enabled as false

2025-08-26 17:41:40,322 WARN Istio module disabled because set nacos.extension.naming.istio.enabled as false

2025-08-26 17:41:40,322 WARN Istio module disabled because set nacos.extension.naming.istio.enabled as false

2025-08-26 17:41:40,322 WARN Istio module disabled because set nacos.extension.naming.istio.enabled as false

2025-08-26 17:41:40,322 WARN Istio module disabled because set nacos.extension.naming.istio.enabled as false

2025-08-26 17:41:40,322 WARN Istio module disabled because set nacos.extension.naming.istio.enabled as false

2025-08-26 17:41:40,322 WARN Istio module disabled because set nacos.extension.naming.istio.enabled as false

2025-08-26 17:41:40,323 WARN Istio module disabled because set nacos.extension.naming.istio.enabled as false

2025-08-26 17:41:40,323 WARN Istio module disabled because set nacos.extension.naming.istio.enabled as false

2025-08-26 17:41:40,323 WARN Istio module disabled because set nacos.extension.naming.istio.enabled as false

2025-08-26 17:41:40,323 WARN Istio module disabled because set nacos.extension.naming.istio.enabled as false

2025-08-26 17:41:40,323 WARN Istio module disabled because set nacos.extension.naming.istio.enabled as false

2025-08-26 17:41:40,323 WARN Istio module disabled because set nacos.extension.naming.istio.enabled as false

2025-08-26 17:41:40,323 WARN Istio module disabled because set nacos.extension.naming.istio.enabled as false

2025-08-26 17:41:40,324 WARN Istio module disabled because set nacos.extension.naming.istio.enabled as false

2025-08-26 17:41:40,324 WARN Istio module disabled because set nacos.extension.naming.istio.enabled as false

2025-08-26 17:41:40,324 WARN Istio module disabled because set nacos.extension.naming.istio.enabled as false

2025-08-26 17:41:40,324 WARN Istio module disabled because set nacos.extension.naming.istio.enabled as false

2025-08-26 17:41:40,747 INFO Skip @SpringBootApplication annotation for class com.alibaba.nacos.prometheus.PrometheusApp to avoid duplicate scan

2025-08-26 17:41:40,748 WARN K8s Sync module disabled because set nacos.k8s.sync.enabled as false

2025-08-26 17:41:40,748 WARN K8s Sync module disabled because set nacos.k8s.sync.enabled as false

2025-08-26 17:41:40,748 WARN K8s Sync module disabled because set nacos.k8s.sync.enabled as false

2025-08-26 17:41:40,748 WARN K8s Sync module disabled because set nacos.k8s.sync.enabled as false

2025-08-26 17:41:40,748 WARN K8s Sync module disabled because set nacos.k8s.sync.enabled as false

2025-08-26 17:41:40,749 WARN K8s Sync module disabled because set nacos.k8s.sync.enabled as false

2025-08-26 17:41:40,749 WARN K8s Sync module disabled because set nacos.k8s.sync.enabled as false

2025-08-26 17:41:40,749 INFO Skip @SpringBootApplication annotation for class com.alibaba.nacos.NacosServerWebApplication to avoid duplicate scan

2025-08-26 17:41:40,749 INFO Skip @SpringBootApplication annotation for class com.alibaba.nacos.mcpregistry.NacosMcpRegistry to avoid duplicate scan

2025-08-26 17:41:40,863 INFO Nacos Server is starting...

2025-08-26 17:41:41,876 INFO Nacos Server is starting...

2025-08-26 17:41:42,202 INFO HikariPool-1 - Starting...

2025-08-26 17:41:42,209 WARN Registered driver with driverClassName=org.apache.derby.jdbc.EmbeddedDriver was not found, trying direct instantiation.

2025-08-26 17:41:42,725 INFO HikariPool-1 - Driver does not support get/set network timeout for connections. (Feature not implemented: No details.)

2025-08-26 17:41:42,727 INFO HikariPool-1 - Start completed.

2025-08-26 17:41:42,888 INFO Nacos Server is starting...

2025-08-26 17:41:43,072 INFO [MapperManager] Load Mapper(class com.alibaba.nacos.plugin.datasource.impl.mysql.ConfigInfoBetaMapperByMySql) datasource(mysql) tableName(config_info_beta) successfully.

2025-08-26 17:41:43,072 INFO [MapperManager] Load Mapper(class com.alibaba.nacos.plugin.datasource.impl.mysql.ConfigInfoMapperByMySql) datasource(mysql) tableName(config_info) successfully.

2025-08-26 17:41:43,072 INFO [MapperManager] Load Mapper(class com.alibaba.nacos.plugin.datasource.impl.mysql.ConfigInfoTagMapperByMySql) datasource(mysql) tableName(config_info_tag) successfully.

2025-08-26 17:41:43,072 INFO [MapperManager] Load Mapper(class com.alibaba.nacos.plugin.datasource.impl.mysql.ConfigInfoGrayMapperByMySql) datasource(mysql) tableName(config_info_gray) successfully.

2025-08-26 17:41:43,072 INFO [MapperManager] Load Mapper(class com.alibaba.nacos.plugin.datasource.impl.mysql.ConfigTagsRelationMapperByMySql) datasource(mysql) tableName(config_tags_relation) successfully.

2025-08-26 17:41:43,072 INFO [MapperManager] Load Mapper(class com.alibaba.nacos.plugin.datasource.impl.mysql.HistoryConfigInfoMapperByMySql) datasource(mysql) tableName(his_config_info) successfully.

2025-08-26 17:41:43,072 INFO [MapperManager] Load Mapper(class com.alibaba.nacos.plugin.datasource.impl.mysql.TenantInfoMapperByMySql) datasource(mysql) tableName(tenant_info) successfully.

2025-08-26 17:41:43,072 INFO [MapperManager] Load Mapper(class com.alibaba.nacos.plugin.datasource.impl.mysql.TenantCapacityMapperByMySql) datasource(mysql) tableName(tenant_capacity) successfully.

2025-08-26 17:41:43,072 INFO [MapperManager] Load Mapper(class com.alibaba.nacos.plugin.datasource.impl.mysql.GroupCapacityMapperByMysql) datasource(mysql) tableName(group_capacity) successfully.

2025-08-26 17:41:43,072 INFO [MapperManager] Load Mapper(class com.alibaba.nacos.plugin.datasource.impl.mysql.ConfigMigrateMapperByMysql) datasource(mysql) tableName(migrate_config) successfully.

2025-08-26 17:41:43,072 INFO [MapperManager] Load Mapper(class com.alibaba.nacos.plugin.datasource.impl.derby.ConfigInfoBetaMapperByDerby) datasource(derby) tableName(config_info_beta) successfully.

2025-08-26 17:41:43,072 INFO [MapperManager] Load Mapper(class com.alibaba.nacos.plugin.datasource.impl.derby.ConfigInfoMapperByDerby) datasource(derby) tableName(config_info) successfully.

2025-08-26 17:41:43,072 INFO [MapperManager] Load Mapper(class com.alibaba.nacos.plugin.datasource.impl.derby.ConfigInfoTagMapperByDerby) datasource(derby) tableName(config_info_tag) successfully.

2025-08-26 17:41:43,072 INFO [MapperManager] Load Mapper(class com.alibaba.nacos.plugin.datasource.impl.derby.ConfigInfoGrayMapperByDerby) datasource(derby) tableName(config_info_gray) successfully.

2025-08-26 17:41:43,072 INFO [MapperManager] Load Mapper(class com.alibaba.nacos.plugin.datasource.impl.derby.ConfigInfoTagsRelationMapperByDerby) datasource(derby) tableName(config_tags_relation) successfully.

2025-08-26 17:41:43,072 INFO [MapperManager] Load Mapper(class com.alibaba.nacos.plugin.datasource.impl.derby.HistoryConfigInfoMapperByDerby) datasource(derby) tableName(his_config_info) successfully.

2025-08-26 17:41:43,072 INFO [MapperManager] Load Mapper(class com.alibaba.nacos.plugin.datasource.impl.derby.TenantInfoMapperByDerby) datasource(derby) tableName(tenant_info) successfully.

2025-08-26 17:41:43,073 INFO [MapperManager] Load Mapper(class com.alibaba.nacos.plugin.datasource.impl.derby.TenantCapacityMapperByDerby) datasource(derby) tableName(tenant_capacity) successfully.

2025-08-26 17:41:43,073 INFO [MapperManager] Load Mapper(class com.alibaba.nacos.plugin.datasource.impl.derby.GroupCapacityMapperByDerby) datasource(derby) tableName(group_capacity) successfully.

2025-08-26 17:41:43,073 INFO [MapperManager] Load Mapper(class com.alibaba.nacos.plugin.datasource.impl.derby.ConfigMigrateMapperByDerby) datasource(derby) tableName(migrate_config) successfully.

2025-08-26 17:41:43,165 INFO ConfigQueryHandlerChain has been initialized successfully with chain: nacos

2025-08-26 17:41:43,505 INFO Nacos-related cluster resource initialization

2025-08-26 17:41:43,510 INFO Load com.alibaba.nacos.core.ability.RemoteAbilityInitializer for ServerAbilityInitializer

2025-08-26 17:41:43,510 INFO Load com.alibaba.nacos.naming.ability.NamingAbilityInitializer for ServerAbilityInitializer

2025-08-26 17:41:43,512 INFO The cluster resource is initialized

2025-08-26 17:41:43,669 INFO Get configCompatible config from env, ConfigCompatibleConfig{namespaceCompatibleMode=true}

2025-08-26 17:41:43,733 INFO [migrate] start migrate config namespace

2025-08-26 17:41:43,744 INFO [migrate] migrating config namespace from empty to public, finished:0

2025-08-26 17:41:43,755 INFO [migrate] syncing config namespace from empty to public, finished:0

2025-08-26 17:41:43,755 INFO [migrate] syncing config namespace from public to empty, finished:0

2025-08-26 17:41:43,760 INFO [migrate] migrating config gray namespace from empty to public, finished:0

2025-08-26 17:41:43,767 INFO [migrate] syncing config gray namespace from empty to public, finished:0

2025-08-26 17:41:43,768 INFO [migrate] syncing config gray namespace from public to empty, finished:0

2025-08-26 17:41:43,768 INFO [migrate] finish migrate config namespacetotal time taken: 99 ms

2025-08-26 17:41:43,785 INFO Get historyConfigCleaner config from env, activeHistoryConfigCleaner{ activeHistoryConfigCleaner=nacos}

2025-08-26 17:41:43,886 INFO Ready to get current node abilities...

2025-08-26 17:41:43,888 INFO Ready to initialize current node abilities, support modes: [CLUSTER_CLIENT, SDK_CLIENT, SERVER]

2025-08-26 17:41:43,889 INFO Initialize current abilities finish...

2025-08-26 17:41:43,890 INFO Ready to get current node abilities...

2025-08-26 17:41:43,890 INFO Ready to initialize current node abilities, support modes: [SDK_CLIENT]

2025-08-26 17:41:43,890 INFO Initialize current abilities finish...

2025-08-26 17:41:43,891 INFO [AbilityControlManager] Successfully initialize AbilityControlManager

2025-08-26 17:41:43,894 INFO Nacos Server is starting...

2025-08-26 17:41:43,898 INFO Get NacosConsoleAuth config from env, NacosConsoleAuthConfig{authEnabled=true, nacosAuthSystemType='nacos'}

2025-08-26 17:41:43,902 INFO Get NacosServerAdminAuth config from env, NacosServerAdminAuthConfig{authEnabled=true, nacosAuthSystemType='nacos', serverIdentityKey='elementoj', serverIdentityValue='qiyuan11111'}

2025-08-26 17:41:43,908 INFO Get NacosServerAuth config from env, NacosServerAuthConfig{authEnabled=false, nacosAuthSystemType='nacos', serverIdentityKey='elementoj', serverIdentityValue='qiyuan11111', authPluginProperties={nacos={token.expire.seconds=18000, token.secret.key=ZWxlbWVudG9qcWl5dWFuMTExMTE=, token.cache.enable=false}}}

2025-08-26 17:41:43,910 INFO Not found ServerIdentityChecker implementation from SPI, use default.

2025-08-26 17:41:44,895 INFO Nacos Server is starting...

2025-08-26 17:41:45,641 INFO Creating McpCacheIndex bean with maxSize=10000, expireTime=3600s, cleanupInterval=300s

2025-08-26 17:41:45,648 INFO Creating ScheduledExecutorService for MCP cache with syncInterval=300s

2025-08-26 17:41:45,655 INFO Creating CachedMcpServerIndex bean with cache enabled

2025-08-26 17:41:45,657 INFO Cache sync task started with interval: 300s

2025-08-26 17:41:45,657 INFO CachedMcpServerIndex initialized with cacheEnabled=true, syncInterval=300s

2025-08-26 17:41:45,896 INFO Nacos Server is starting...

2025-08-26 17:41:45,955 WARN Exception encountered during context initialization - cancelling refresh attempt: org.springframework.beans.factory.UnsatisfiedDependencyException: Error creating bean with name 'defaultAuthenticationManager' defined in class path resource [com/alibaba/nacos/plugin/auth/impl/configuration/core/NacosAuthPluginCoreConfig.class]: Unsatisfied dependency expressed through method 'defaultAuthenticationManager' parameter 1: Error creating bean with name 'tokenManagerDelegate' defined in class path resource [com/alibaba/nacos/plugin/auth/impl/configuration/core/NacosAuthPluginCoreConfig.class]: Unsatisfied dependency expressed through method 'tokenManagerDelegate' parameter 0: Error creating bean with name 'tokenManager' defined in class path resource [com/alibaba/nacos/plugin/auth/impl/configuration/core/NacosAuthPluginCoreConfig.class]: Failed to instantiate [com.alibaba.nacos.plugin.auth.impl.token.TokenManager]: Factory method 'tokenManager' threw exception with message: the length of secret key must great than or equal 32 bytes; And the secret key  must be encoded by base64.Please see https://nacos.io/docs/latest/manual/admin/auth/

2025-08-26 17:41:46,936 WARN [WatchFileCenter] start close

2025-08-26 17:41:46,937 WARN [WatchFileCenter] start to shutdown this watcher which is watch : D:\zhengyiming14\Documents\idea\ElementOJ\nacos-server-3.0.3\nacos\conf

2025-08-26 17:41:46,939 WARN [WatchFileCenter] already closed

2025-08-26 17:41:46,939 INFO [NotifyCenter] Start destroying Publisher

2025-08-26 17:41:46,940 INFO [NotifyCenter] Completed destruction of Publisher

2025-08-26 17:41:46,940 ERROR Event listener exception : 

java.lang.InterruptedException: null
	at java.base/java.util.concurrent.locks.AbstractQueuedSynchronizer$ConditionObject.await(AbstractQueuedSynchronizer.java:1638)
	at java.base/java.util.concurrent.ArrayBlockingQueue.take(ArrayBlockingQueue.java:420)
	at com.alibaba.nacos.common.notify.DefaultPublisher.openEventHandler(DefaultPublisher.java:111)
	at com.alibaba.nacos.common.notify.DefaultPublisher.run(DefaultPublisher.java:95)
2025-08-26 17:41:46,940 ERROR Event listener exception : 

java.lang.InterruptedException: null
	at java.base/java.util.concurrent.locks.AbstractQueuedSynchronizer$ConditionObject.await(AbstractQueuedSynchronizer.java:1638)
	at java.base/java.util.concurrent.ArrayBlockingQueue.take(ArrayBlockingQueue.java:420)
	at com.alibaba.nacos.common.notify.DefaultPublisher.openEventHandler(DefaultPublisher.java:111)
	at com.alibaba.nacos.common.notify.DefaultPublisher.run(DefaultPublisher.java:95)
2025-08-26 17:41:46,940 ERROR Event listener exception : 

java.lang.InterruptedException: null
	at java.base/java.util.concurrent.locks.AbstractQueuedSynchronizer$ConditionObject.await(AbstractQueuedSynchronizer.java:1638)
	at java.base/java.util.concurrent.ArrayBlockingQueue.take(ArrayBlockingQueue.java:420)
	at com.alibaba.nacos.common.notify.DefaultPublisher.openEventHandler(DefaultPublisher.java:111)
	at com.alibaba.nacos.common.notify.DefaultPublisher.run(DefaultPublisher.java:95)
2025-08-26 17:41:46,940 ERROR Event listener exception : 

java.lang.InterruptedException: null
	at java.base/java.util.concurrent.locks.AbstractQueuedSynchronizer$ConditionObject.await(AbstractQueuedSynchronizer.java:1638)
	at java.base/java.util.concurrent.ArrayBlockingQueue.take(ArrayBlockingQueue.java:420)
	at com.alibaba.nacos.common.notify.DefaultPublisher.openEventHandler(DefaultPublisher.java:111)
	at com.alibaba.nacos.common.notify.DefaultPublisher.run(DefaultPublisher.java:95)
2025-08-26 17:41:46,940 ERROR Event listener exception : 

java.lang.InterruptedException: null
	at java.base/java.util.concurrent.locks.AbstractQueuedSynchronizer$ConditionObject.await(AbstractQueuedSynchronizer.java:1638)
	at java.base/java.util.concurrent.ArrayBlockingQueue.take(ArrayBlockingQueue.java:420)
	at com.alibaba.nacos.common.notify.DefaultPublisher.openEventHandler(DefaultPublisher.java:111)
	at com.alibaba.nacos.common.notify.DefaultPublisher.run(DefaultPublisher.java:95)
2025-08-26 17:41:46,940 ERROR Event listener exception : 

java.lang.InterruptedException: null
	at java.base/java.util.concurrent.locks.AbstractQueuedSynchronizer$ConditionObject.await(AbstractQueuedSynchronizer.java:1638)
	at java.base/java.util.concurrent.ArrayBlockingQueue.take(ArrayBlockingQueue.java:420)
	at com.alibaba.nacos.common.notify.DefaultPublisher.openEventHandler(DefaultPublisher.java:111)
	at com.alibaba.nacos.common.notify.DefaultPublisher.run(DefaultPublisher.java:95)
2025-08-26 17:41:46,940 ERROR Event listener exception : 

java.lang.InterruptedException: null
	at java.base/java.util.concurrent.locks.AbstractQueuedSynchronizer$ConditionObject.await(AbstractQueuedSynchronizer.java:1638)
	at java.base/java.util.concurrent.ArrayBlockingQueue.take(ArrayBlockingQueue.java:420)
	at com.alibaba.nacos.common.notify.DefaultPublisher.openEventHandler(DefaultPublisher.java:111)
	at com.alibaba.nacos.common.notify.DefaultPublisher.run(DefaultPublisher.java:95)
2025-08-26 17:41:46,940 ERROR Event listener exception : 

java.lang.InterruptedException: null
	at java.base/java.util.concurrent.locks.AbstractQueuedSynchronizer$ConditionObject.await(AbstractQueuedSynchronizer.java:1638)
	at java.base/java.util.concurrent.ArrayBlockingQueue.take(ArrayBlockingQueue.java:420)
	at com.alibaba.nacos.common.notify.DefaultPublisher.openEventHandler(DefaultPublisher.java:111)
	at com.alibaba.nacos.common.notify.DefaultPublisher.run(DefaultPublisher.java:95)
2025-08-26 17:41:46,940 ERROR Event listener exception : 

java.lang.InterruptedException: null
	at java.base/java.util.concurrent.locks.AbstractQueuedSynchronizer$ConditionObject.await(AbstractQueuedSynchronizer.java:1638)
	at java.base/java.util.concurrent.ArrayBlockingQueue.take(ArrayBlockingQueue.java:420)
	at com.alibaba.nacos.common.notify.DefaultPublisher.openEventHandler(DefaultPublisher.java:111)
	at com.alibaba.nacos.common.notify.DefaultPublisher.run(DefaultPublisher.java:95)
2025-08-26 17:41:46,940 ERROR Event listener exception : 

java.lang.InterruptedException: null
	at java.base/java.util.concurrent.locks.AbstractQueuedSynchronizer$ConditionObject.await(AbstractQueuedSynchronizer.java:1638)
	at java.base/java.util.concurrent.ArrayBlockingQueue.take(ArrayBlockingQueue.java:420)
	at com.alibaba.nacos.common.notify.DefaultPublisher.openEventHandler(DefaultPublisher.java:111)
	at com.alibaba.nacos.common.notify.DefaultPublisher.run(DefaultPublisher.java:95)
2025-08-26 17:41:46,940 ERROR Startup errors : 

org.springframework.beans.factory.UnsatisfiedDependencyException: Error creating bean with name 'defaultAuthenticationManager' defined in class path resource [com/alibaba/nacos/plugin/auth/impl/configuration/core/NacosAuthPluginCoreConfig.class]: Unsatisfied dependency expressed through method 'defaultAuthenticationManager' parameter 1: Error creating bean with name 'tokenManagerDelegate' defined in class path resource [com/alibaba/nacos/plugin/auth/impl/configuration/core/NacosAuthPluginCoreConfig.class]: Unsatisfied dependency expressed through method 'tokenManagerDelegate' parameter 0: Error creating bean with name 'tokenManager' defined in class path resource [com/alibaba/nacos/plugin/auth/impl/configuration/core/NacosAuthPluginCoreConfig.class]: Failed to instantiate [com.alibaba.nacos.plugin.auth.impl.token.TokenManager]: Factory method 'tokenManager' threw exception with message: the length of secret key must great than or equal 32 bytes; And the secret key  must be encoded by base64.Please see https://nacos.io/docs/latest/manual/admin/auth/
	at org.springframework.beans.factory.support.ConstructorResolver.createArgumentArray(ConstructorResolver.java:804)
	at org.springframework.beans.factory.support.ConstructorResolver.instantiateUsingFactoryMethod(ConstructorResolver.java:546)
	at org.springframework.beans.factory.support.AbstractAutowireCapableBeanFactory.instantiateUsingFactoryMethod(AbstractAutowireCapableBeanFactory.java:1361)
	at org.springframework.beans.factory.support.AbstractAutowireCapableBeanFactory.createBeanInstance(AbstractAutowireCapableBeanFactory.java:1191)
	at org.springframework.beans.factory.support.AbstractAutowireCapableBeanFactory.doCreateBean(AbstractAutowireCapableBeanFactory.java:563)
	at org.springframework.beans.factory.support.AbstractAutowireCapableBeanFactory.createBean(AbstractAutowireCapableBeanFactory.java:523)
	at org.springframework.beans.factory.support.AbstractBeanFactory.lambda$doGetBean$0(AbstractBeanFactory.java:339)
	at org.springframework.beans.factory.support.DefaultSingletonBeanRegistry.getSingleton(DefaultSingletonBeanRegistry.java:347)
	at org.springframework.beans.factory.support.AbstractBeanFactory.doGetBean(AbstractBeanFactory.java:337)
	at org.springframework.beans.factory.support.AbstractBeanFactory.getBean(AbstractBeanFactory.java:202)
	at org.springframework.beans.factory.support.DefaultListableBeanFactory.instantiateSingleton(DefaultListableBeanFactory.java:1155)
	at org.springframework.beans.factory.support.DefaultListableBeanFactory.preInstantiateSingleton(DefaultListableBeanFactory.java:1121)
	at org.springframework.beans.factory.support.DefaultListableBeanFactory.preInstantiateSingletons(DefaultListableBeanFactory.java:1056)
	at org.springframework.context.support.AbstractApplicationContext.finishBeanFactoryInitialization(AbstractApplicationContext.java:987)
	at org.springframework.context.support.AbstractApplicationContext.refresh(AbstractApplicationContext.java:627)
	at org.springframework.boot.SpringApplication.refresh(SpringApplication.java:752)
	at org.springframework.boot.SpringApplication.refreshContext(SpringApplication.java:439)
	at org.springframework.boot.SpringApplication.run(SpringApplication.java:318)
	at org.springframework.boot.builder.SpringApplicationBuilder.run(SpringApplicationBuilder.java:149)
	at com.alibaba.nacos.bootstrap.NacosBootstrap.startCoreContext(NacosBootstrap.java:96)
	at com.alibaba.nacos.bootstrap.NacosBootstrap.startWithConsole(NacosBootstrap.java:84)
	at com.alibaba.nacos.bootstrap.NacosBootstrap.main(NacosBootstrap.java:54)
	at java.base/jdk.internal.reflect.NativeMethodAccessorImpl.invoke0(Native Method)
	at java.base/jdk.internal.reflect.NativeMethodAccessorImpl.invoke(NativeMethodAccessorImpl.java:77)
	at java.base/jdk.internal.reflect.DelegatingMethodAccessorImpl.invoke(DelegatingMethodAccessorImpl.java:43)
	at java.base/java.lang.reflect.Method.invoke(Method.java:568)
	at org.springframework.boot.loader.launch.Launcher.launch(Launcher.java:102)
	at org.springframework.boot.loader.launch.Launcher.launch(Launcher.java:64)
	at org.springframework.boot.loader.launch.PropertiesLauncher.main(PropertiesLauncher.java:580)
Caused by: org.springframework.beans.factory.UnsatisfiedDependencyException: Error creating bean with name 'tokenManagerDelegate' defined in class path resource [com/alibaba/nacos/plugin/auth/impl/configuration/core/NacosAuthPluginCoreConfig.class]: Unsatisfied dependency expressed through method 'tokenManagerDelegate' parameter 0: Error creating bean with name 'tokenManager' defined in class path resource [com/alibaba/nacos/plugin/auth/impl/configuration/core/NacosAuthPluginCoreConfig.class]: Failed to instantiate [com.alibaba.nacos.plugin.auth.impl.token.TokenManager]: Factory method 'tokenManager' threw exception with message: the length of secret key must great than or equal 32 bytes; And the secret key  must be encoded by base64.Please see https://nacos.io/docs/latest/manual/admin/auth/
	at org.springframework.beans.factory.support.ConstructorResolver.createArgumentArray(ConstructorResolver.java:804)
	at org.springframework.beans.factory.support.ConstructorResolver.instantiateUsingFactoryMethod(ConstructorResolver.java:546)
	at org.springframework.beans.factory.support.AbstractAutowireCapableBeanFactory.instantiateUsingFactoryMethod(AbstractAutowireCapableBeanFactory.java:1361)
	at org.springframework.beans.factory.support.AbstractAutowireCapableBeanFactory.createBeanInstance(AbstractAutowireCapableBeanFactory.java:1191)
	at org.springframework.beans.factory.support.AbstractAutowireCapableBeanFactory.doCreateBean(AbstractAutowireCapableBeanFactory.java:563)
	at org.springframework.beans.factory.support.AbstractAutowireCapableBeanFactory.createBean(AbstractAutowireCapableBeanFactory.java:523)
	at org.springframework.beans.factory.support.AbstractBeanFactory.lambda$doGetBean$0(AbstractBeanFactory.java:339)
	at org.springframework.beans.factory.support.DefaultSingletonBeanRegistry.getSingleton(DefaultSingletonBeanRegistry.java:347)
	at org.springframework.beans.factory.support.AbstractBeanFactory.doGetBean(AbstractBeanFactory.java:337)
	at org.springframework.beans.factory.support.AbstractBeanFactory.getBean(AbstractBeanFactory.java:202)
	at org.springframework.beans.factory.config.DependencyDescriptor.resolveCandidate(DependencyDescriptor.java:254)
	at org.springframework.beans.factory.support.DefaultListableBeanFactory.doResolveDependency(DefaultListableBeanFactory.java:1667)
	at org.springframework.beans.factory.support.DefaultListableBeanFactory.resolveDependency(DefaultListableBeanFactory.java:1555)
	at org.springframework.beans.factory.support.ConstructorResolver.resolveAutowiredArgument(ConstructorResolver.java:913)
	at org.springframework.beans.factory.support.ConstructorResolver.createArgumentArray(ConstructorResolver.java:791)
	... 28 common frames omitted
Caused by: org.springframework.beans.factory.BeanCreationException: Error creating bean with name 'tokenManager' defined in class path resource [com/alibaba/nacos/plugin/auth/impl/configuration/core/NacosAuthPluginCoreConfig.class]: Failed to instantiate [com.alibaba.nacos.plugin.auth.impl.token.TokenManager]: Factory method 'tokenManager' threw exception with message: the length of secret key must great than or equal 32 bytes; And the secret key  must be encoded by base64.Please see https://nacos.io/docs/latest/manual/admin/auth/
	at org.springframework.beans.factory.support.ConstructorResolver.instantiate(ConstructorResolver.java:657)
	at org.springframework.beans.factory.support.ConstructorResolver.instantiateUsingFactoryMethod(ConstructorResolver.java:645)
	at org.springframework.beans.factory.support.AbstractAutowireCapableBeanFactory.instantiateUsingFactoryMethod(AbstractAutowireCapableBeanFactory.java:1361)
	at org.springframework.beans.factory.support.AbstractAutowireCapableBeanFactory.createBeanInstance(AbstractAutowireCapableBeanFactory.java:1191)
	at org.springframework.beans.factory.support.AbstractAutowireCapableBeanFactory.doCreateBean(AbstractAutowireCapableBeanFactory.java:563)
	at org.springframework.beans.factory.support.AbstractAutowireCapableBeanFactory.createBean(AbstractAutowireCapableBeanFactory.java:523)
	at org.springframework.beans.factory.support.AbstractBeanFactory.lambda$doGetBean$0(AbstractBeanFactory.java:339)
	at org.springframework.beans.factory.support.DefaultSingletonBeanRegistry.getSingleton(DefaultSingletonBeanRegistry.java:347)
	at org.springframework.beans.factory.support.AbstractBeanFactory.doGetBean(AbstractBeanFactory.java:337)
	at org.springframework.beans.factory.support.AbstractBeanFactory.getBean(AbstractBeanFactory.java:202)
	at org.springframework.beans.factory.support.DefaultListableBeanFactory.doResolveDependency(DefaultListableBeanFactory.java:1609)
	at org.springframework.beans.factory.support.DefaultListableBeanFactory.resolveDependency(DefaultListableBeanFactory.java:1555)
	at org.springframework.beans.factory.support.ConstructorResolver.resolveAutowiredArgument(ConstructorResolver.java:913)
	at org.springframework.beans.factory.support.ConstructorResolver.createArgumentArray(ConstructorResolver.java:791)
	... 42 common frames omitted
Caused by: org.springframework.beans.BeanInstantiationException: Failed to instantiate [com.alibaba.nacos.plugin.auth.impl.token.TokenManager]: Factory method 'tokenManager' threw exception with message: the length of secret key must great than or equal 32 bytes; And the secret key  must be encoded by base64.Please see https://nacos.io/docs/latest/manual/admin/auth/
	at org.springframework.beans.factory.support.SimpleInstantiationStrategy.lambda$instantiate$0(SimpleInstantiationStrategy.java:199)
	at org.springframework.beans.factory.support.SimpleInstantiationStrategy.instantiateWithFactoryMethod(SimpleInstantiationStrategy.java:88)
	at org.springframework.beans.factory.support.SimpleInstantiationStrategy.instantiate(SimpleInstantiationStrategy.java:168)
	at org.springframework.beans.factory.support.ConstructorResolver.instantiate(ConstructorResolver.java:653)
	... 55 common frames omitted
Caused by: java.lang.IllegalArgumentException: the length of secret key must great than or equal 32 bytes; And the secret key  must be encoded by base64.Please see https://nacos.io/docs/latest/manual/admin/auth/
	at com.alibaba.nacos.plugin.auth.impl.token.impl.JwtTokenManager.processProperties(JwtTokenManager.java:78)
	at com.alibaba.nacos.plugin.auth.impl.token.impl.JwtTokenManager.<init>(JwtTokenManager.java:64)
	at com.alibaba.nacos.plugin.auth.impl.configuration.core.NacosAuthPluginCoreConfig.tokenManager(NacosAuthPluginCoreConfig.java:101)
	at java.base/jdk.internal.reflect.NativeMethodAccessorImpl.invoke0(Native Method)
	at java.base/jdk.internal.reflect.NativeMethodAccessorImpl.invoke(NativeMethodAccessorImpl.java:77)
	at java.base/jdk.internal.reflect.DelegatingMethodAccessorImpl.invoke(DelegatingMethodAccessorImpl.java:43)
	at java.base/java.lang.reflect.Method.invoke(Method.java:568)
	at org.springframework.beans.factory.support.SimpleInstantiationStrategy.lambda$instantiate$0(SimpleInstantiationStrategy.java:171)
	... 58 common frames omitted
Caused by: java.lang.IllegalArgumentException: The specified key byte array is 160 bits which is not secure enough for any JWT HMAC-SHA algorithm.  The JWT JWA Specification (RFC 7518, Section 3.2) states that keys used with HMAC-SHA algorithms MUST have a size >= 256 bits (the key size must be greater than or equal to the hash output size).  See https://tools.ietf.org/html/rfc7518#section-3.2 for more information.
	at com.alibaba.nacos.plugin.auth.impl.jwt.NacosJwtParser.<init>(NacosJwtParser.java:54)
	at com.alibaba.nacos.plugin.auth.impl.token.impl.JwtTokenManager.processProperties(JwtTokenManager.java:74)
	... 65 common frames omitted
2025-08-26 17:41:46,948 ERROR Nacos failed to start, please see D:\zhengyiming14\Documents\idea\ElementOJ\nacos-server-3.0.3\nacos\logs\nacos.log for more details.

2025-08-26 17:41:46,969 INFO 

Error starting ApplicationContext. To display the condition evaluation report re-run your application with 'debug' enabled.

2025-08-26 17:41:47,035 ERROR Application run failed

org.springframework.beans.factory.UnsatisfiedDependencyException: Error creating bean with name 'defaultAuthenticationManager' defined in class path resource [com/alibaba/nacos/plugin/auth/impl/configuration/core/NacosAuthPluginCoreConfig.class]: Unsatisfied dependency expressed through method 'defaultAuthenticationManager' parameter 1: Error creating bean with name 'tokenManagerDelegate' defined in class path resource [com/alibaba/nacos/plugin/auth/impl/configuration/core/NacosAuthPluginCoreConfig.class]: Unsatisfied dependency expressed through method 'tokenManagerDelegate' parameter 0: Error creating bean with name 'tokenManager' defined in class path resource [com/alibaba/nacos/plugin/auth/impl/configuration/core/NacosAuthPluginCoreConfig.class]: Failed to instantiate [com.alibaba.nacos.plugin.auth.impl.token.TokenManager]: Factory method 'tokenManager' threw exception with message: the length of secret key must great than or equal 32 bytes; And the secret key  must be encoded by base64.Please see https://nacos.io/docs/latest/manual/admin/auth/
	at org.springframework.beans.factory.support.ConstructorResolver.createArgumentArray(ConstructorResolver.java:804)
	at org.springframework.beans.factory.support.ConstructorResolver.instantiateUsingFactoryMethod(ConstructorResolver.java:546)
	at org.springframework.beans.factory.support.AbstractAutowireCapableBeanFactory.instantiateUsingFactoryMethod(AbstractAutowireCapableBeanFactory.java:1361)
	at org.springframework.beans.factory.support.AbstractAutowireCapableBeanFactory.createBeanInstance(AbstractAutowireCapableBeanFactory.java:1191)
	at org.springframework.beans.factory.support.AbstractAutowireCapableBeanFactory.doCreateBean(AbstractAutowireCapableBeanFactory.java:563)
	at org.springframework.beans.factory.support.AbstractAutowireCapableBeanFactory.createBean(AbstractAutowireCapableBeanFactory.java:523)
	at org.springframework.beans.factory.support.AbstractBeanFactory.lambda$doGetBean$0(AbstractBeanFactory.java:339)
	at org.springframework.beans.factory.support.DefaultSingletonBeanRegistry.getSingleton(DefaultSingletonBeanRegistry.java:347)
	at org.springframework.beans.factory.support.AbstractBeanFactory.doGetBean(AbstractBeanFactory.java:337)
	at org.springframework.beans.factory.support.AbstractBeanFactory.getBean(AbstractBeanFactory.java:202)
	at org.springframework.beans.factory.support.DefaultListableBeanFactory.instantiateSingleton(DefaultListableBeanFactory.java:1155)
	at org.springframework.beans.factory.support.DefaultListableBeanFactory.preInstantiateSingleton(DefaultListableBeanFactory.java:1121)
	at org.springframework.beans.factory.support.DefaultListableBeanFactory.preInstantiateSingletons(DefaultListableBeanFactory.java:1056)
	at org.springframework.context.support.AbstractApplicationContext.finishBeanFactoryInitialization(AbstractApplicationContext.java:987)
	at org.springframework.context.support.AbstractApplicationContext.refresh(AbstractApplicationContext.java:627)
	at org.springframework.boot.SpringApplication.refresh(SpringApplication.java:752)
	at org.springframework.boot.SpringApplication.refreshContext(SpringApplication.java:439)
	at org.springframework.boot.SpringApplication.run(SpringApplication.java:318)
	at org.springframework.boot.builder.SpringApplicationBuilder.run(SpringApplicationBuilder.java:149)
	at com.alibaba.nacos.bootstrap.NacosBootstrap.startCoreContext(NacosBootstrap.java:96)
	at com.alibaba.nacos.bootstrap.NacosBootstrap.startWithConsole(NacosBootstrap.java:84)
	at com.alibaba.nacos.bootstrap.NacosBootstrap.main(NacosBootstrap.java:54)
	at java.base/jdk.internal.reflect.NativeMethodAccessorImpl.invoke0(Native Method)
	at java.base/jdk.internal.reflect.NativeMethodAccessorImpl.invoke(NativeMethodAccessorImpl.java:77)
	at java.base/jdk.internal.reflect.DelegatingMethodAccessorImpl.invoke(DelegatingMethodAccessorImpl.java:43)
	at java.base/java.lang.reflect.Method.invoke(Method.java:568)
	at org.springframework.boot.loader.launch.Launcher.launch(Launcher.java:102)
	at org.springframework.boot.loader.launch.Launcher.launch(Launcher.java:64)
	at org.springframework.boot.loader.launch.PropertiesLauncher.main(PropertiesLauncher.java:580)
Caused by: org.springframework.beans.factory.UnsatisfiedDependencyException: Error creating bean with name 'tokenManagerDelegate' defined in class path resource [com/alibaba/nacos/plugin/auth/impl/configuration/core/NacosAuthPluginCoreConfig.class]: Unsatisfied dependency expressed through method 'tokenManagerDelegate' parameter 0: Error creating bean with name 'tokenManager' defined in class path resource [com/alibaba/nacos/plugin/auth/impl/configuration/core/NacosAuthPluginCoreConfig.class]: Failed to instantiate [com.alibaba.nacos.plugin.auth.impl.token.TokenManager]: Factory method 'tokenManager' threw exception with message: the length of secret key must great than or equal 32 bytes; And the secret key  must be encoded by base64.Please see https://nacos.io/docs/latest/manual/admin/auth/
	at org.springframework.beans.factory.support.ConstructorResolver.createArgumentArray(ConstructorResolver.java:804)
	at org.springframework.beans.factory.support.ConstructorResolver.instantiateUsingFactoryMethod(ConstructorResolver.java:546)
	at org.springframework.beans.factory.support.AbstractAutowireCapableBeanFactory.instantiateUsingFactoryMethod(AbstractAutowireCapableBeanFactory.java:1361)
	at org.springframework.beans.factory.support.AbstractAutowireCapableBeanFactory.createBeanInstance(AbstractAutowireCapableBeanFactory.java:1191)
	at org.springframework.beans.factory.support.AbstractAutowireCapableBeanFactory.doCreateBean(AbstractAutowireCapableBeanFactory.java:563)
	at org.springframework.beans.factory.support.AbstractAutowireCapableBeanFactory.createBean(AbstractAutowireCapableBeanFactory.java:523)
	at org.springframework.beans.factory.support.AbstractBeanFactory.lambda$doGetBean$0(AbstractBeanFactory.java:339)
	at org.springframework.beans.factory.support.DefaultSingletonBeanRegistry.getSingleton(DefaultSingletonBeanRegistry.java:347)
	at org.springframework.beans.factory.support.AbstractBeanFactory.doGetBean(AbstractBeanFactory.java:337)
	at org.springframework.beans.factory.support.AbstractBeanFactory.getBean(AbstractBeanFactory.java:202)
	at org.springframework.beans.factory.config.DependencyDescriptor.resolveCandidate(DependencyDescriptor.java:254)
	at org.springframework.beans.factory.support.DefaultListableBeanFactory.doResolveDependency(DefaultListableBeanFactory.java:1667)
	at org.springframework.beans.factory.support.DefaultListableBeanFactory.resolveDependency(DefaultListableBeanFactory.java:1555)
	at org.springframework.beans.factory.support.ConstructorResolver.resolveAutowiredArgument(ConstructorResolver.java:913)
	at org.springframework.beans.factory.support.ConstructorResolver.createArgumentArray(ConstructorResolver.java:791)
	... 28 common frames omitted
Caused by: org.springframework.beans.factory.BeanCreationException: Error creating bean with name 'tokenManager' defined in class path resource [com/alibaba/nacos/plugin/auth/impl/configuration/core/NacosAuthPluginCoreConfig.class]: Failed to instantiate [com.alibaba.nacos.plugin.auth.impl.token.TokenManager]: Factory method 'tokenManager' threw exception with message: the length of secret key must great than or equal 32 bytes; And the secret key  must be encoded by base64.Please see https://nacos.io/docs/latest/manual/admin/auth/
	at org.springframework.beans.factory.support.ConstructorResolver.instantiate(ConstructorResolver.java:657)
	at org.springframework.beans.factory.support.ConstructorResolver.instantiateUsingFactoryMethod(ConstructorResolver.java:645)
	at org.springframework.beans.factory.support.AbstractAutowireCapableBeanFactory.instantiateUsingFactoryMethod(AbstractAutowireCapableBeanFactory.java:1361)
	at org.springframework.beans.factory.support.AbstractAutowireCapableBeanFactory.createBeanInstance(AbstractAutowireCapableBeanFactory.java:1191)
	at org.springframework.beans.factory.support.AbstractAutowireCapableBeanFactory.doCreateBean(AbstractAutowireCapableBeanFactory.java:563)
	at org.springframework.beans.factory.support.AbstractAutowireCapableBeanFactory.createBean(AbstractAutowireCapableBeanFactory.java:523)
	at org.springframework.beans.factory.support.AbstractBeanFactory.lambda$doGetBean$0(AbstractBeanFactory.java:339)
	at org.springframework.beans.factory.support.DefaultSingletonBeanRegistry.getSingleton(DefaultSingletonBeanRegistry.java:347)
	at org.springframework.beans.factory.support.AbstractBeanFactory.doGetBean(AbstractBeanFactory.java:337)
	at org.springframework.beans.factory.support.AbstractBeanFactory.getBean(AbstractBeanFactory.java:202)
	at org.springframework.beans.factory.support.DefaultListableBeanFactory.doResolveDependency(DefaultListableBeanFactory.java:1609)
	at org.springframework.beans.factory.support.DefaultListableBeanFactory.resolveDependency(DefaultListableBeanFactory.java:1555)
	at org.springframework.beans.factory.support.ConstructorResolver.resolveAutowiredArgument(ConstructorResolver.java:913)
	at org.springframework.beans.factory.support.ConstructorResolver.createArgumentArray(ConstructorResolver.java:791)
	... 42 common frames omitted
Caused by: org.springframework.beans.BeanInstantiationException: Failed to instantiate [com.alibaba.nacos.plugin.auth.impl.token.TokenManager]: Factory method 'tokenManager' threw exception with message: the length of secret key must great than or equal 32 bytes; And the secret key  must be encoded by base64.Please see https://nacos.io/docs/latest/manual/admin/auth/
	at org.springframework.beans.factory.support.SimpleInstantiationStrategy.lambda$instantiate$0(SimpleInstantiationStrategy.java:199)
	at org.springframework.beans.factory.support.SimpleInstantiationStrategy.instantiateWithFactoryMethod(SimpleInstantiationStrategy.java:88)
	at org.springframework.beans.factory.support.SimpleInstantiationStrategy.instantiate(SimpleInstantiationStrategy.java:168)
	at org.springframework.beans.factory.support.ConstructorResolver.instantiate(ConstructorResolver.java:653)
	... 55 common frames omitted
Caused by: java.lang.IllegalArgumentException: the length of secret key must great than or equal 32 bytes; And the secret key  must be encoded by base64.Please see https://nacos.io/docs/latest/manual/admin/auth/
	at com.alibaba.nacos.plugin.auth.impl.token.impl.JwtTokenManager.processProperties(JwtTokenManager.java:78)
	at com.alibaba.nacos.plugin.auth.impl.token.impl.JwtTokenManager.<init>(JwtTokenManager.java:64)
	at com.alibaba.nacos.plugin.auth.impl.configuration.core.NacosAuthPluginCoreConfig.tokenManager(NacosAuthPluginCoreConfig.java:101)
	at java.base/jdk.internal.reflect.NativeMethodAccessorImpl.invoke0(Native Method)
	at java.base/jdk.internal.reflect.NativeMethodAccessorImpl.invoke(NativeMethodAccessorImpl.java:77)
	at java.base/jdk.internal.reflect.DelegatingMethodAccessorImpl.invoke(DelegatingMethodAccessorImpl.java:43)
	at java.base/java.lang.reflect.Method.invoke(Method.java:568)
	at org.springframework.beans.factory.support.SimpleInstantiationStrategy.lambda$instantiate$0(SimpleInstantiationStrategy.java:171)
	... 58 common frames omitted
Caused by: java.lang.IllegalArgumentException: The specified key byte array is 160 bits which is not secure enough for any JWT HMAC-SHA algorithm.  The JWT JWA Specification (RFC 7518, Section 3.2) states that keys used with HMAC-SHA algorithms MUST have a size >= 256 bits (the key size must be greater than or equal to the hash output size).  See https://tools.ietf.org/html/rfc7518#section-3.2 for more information.
	at com.alibaba.nacos.plugin.auth.impl.jwt.NacosJwtParser.<init>(NacosJwtParser.java:54)
	at com.alibaba.nacos.plugin.auth.impl.token.impl.JwtTokenManager.processProperties(JwtTokenManager.java:74)
	... 65 common frames omitted
2025-08-26 17:41:47,044 INFO [HttpClientBeanHolder] Start destroying common HttpClient

2025-08-26 17:43:46,670 INFO Starting NacosBootstrap v3.0.3 using Java 17.0.12 with PID 22764 (D:\zhengyiming14\Documents\idea\ElementOJ\nacos-server-3.0.3\nacos\target\nacos-server.jar started by zhengyiming14 in D:\zhengyiming14\Documents\idea\ElementOJ)

2025-08-26 17:43:46,671 INFO The following 1 profile is active: "standalone"

2025-08-26 17:43:46,772 INFO Load Nacos package exclude filter success, package prefix com.alibaba.nacos.config.server, filter com.alibaba.nacos.config.server.filter.ConfigEnabledFilter

2025-08-26 17:43:46,772 INFO Load Nacos package exclude filter success, package prefix com.alibaba.nacos.naming, filter com.alibaba.nacos.naming.config.NamingEnabledFilter

2025-08-26 17:43:46,772 INFO Load Nacos package exclude filter success, package prefix com.alibaba.nacos.ai, filter com.alibaba.nacos.ai.config.AiEnabledFilter

2025-08-26 17:43:46,774 INFO Load Nacos package exclude filter success, package prefix com.alibaba.nacos.istio, filter com.alibaba.nacos.istio.config.IstioEnabledFilter

2025-08-26 17:43:46,774 INFO Load Nacos package exclude filter success, package prefix com.alibaba.nacos.k8s.sync, filter com.alibaba.nacos.k8s.sync.K8sSyncEnabledFilter

2025-08-26 17:43:46,886 INFO Skip @SpringBootApplication annotation for class com.alibaba.nacos.bootstrap.NacosBootstrap to avoid duplicate scan

2025-08-26 17:43:46,887 INFO Skip @SpringBootApplication annotation for class com.alibaba.nacos.Nacos to avoid duplicate scan

2025-08-26 17:43:46,887 INFO Skip @SpringBootApplication annotation for class com.alibaba.nacos.console.NacosConsole to avoid duplicate scan

2025-08-26 17:43:46,929 INFO Skip @SpringBootApplication annotation for class com.alibaba.nacos.config.server.Config to avoid duplicate scan

2025-08-26 17:43:47,016 INFO Skip @SpringBootApplication annotation for class com.alibaba.nacos.naming.NamingApp to avoid duplicate scan

2025-08-26 17:43:47,036 INFO Skip @SpringBootApplication annotation for class com.alibaba.nacos.cmdb.CmdbApp to avoid duplicate scan

2025-08-26 17:43:47,074 INFO Skip @SpringBootApplication annotation for class com.alibaba.nacos.istio.IstioApp to avoid duplicate scan

2025-08-26 17:43:47,074 WARN Istio module disabled because set nacos.extension.naming.istio.enabled as false

2025-08-26 17:43:47,074 WARN Istio module disabled because set nacos.extension.naming.istio.enabled as false

2025-08-26 17:43:47,075 WARN Istio module disabled because set nacos.extension.naming.istio.enabled as false

2025-08-26 17:43:47,075 WARN Istio module disabled because set nacos.extension.naming.istio.enabled as false

2025-08-26 17:43:47,075 WARN Istio module disabled because set nacos.extension.naming.istio.enabled as false

2025-08-26 17:43:47,075 WARN Istio module disabled because set nacos.extension.naming.istio.enabled as false

2025-08-26 17:43:47,075 WARN Istio module disabled because set nacos.extension.naming.istio.enabled as false

2025-08-26 17:43:47,075 WARN Istio module disabled because set nacos.extension.naming.istio.enabled as false

2025-08-26 17:43:47,075 WARN Istio module disabled because set nacos.extension.naming.istio.enabled as false

2025-08-26 17:43:47,075 WARN Istio module disabled because set nacos.extension.naming.istio.enabled as false

2025-08-26 17:43:47,075 WARN Istio module disabled because set nacos.extension.naming.istio.enabled as false

2025-08-26 17:43:47,075 WARN Istio module disabled because set nacos.extension.naming.istio.enabled as false

2025-08-26 17:43:47,075 WARN Istio module disabled because set nacos.extension.naming.istio.enabled as false

2025-08-26 17:43:47,076 WARN Istio module disabled because set nacos.extension.naming.istio.enabled as false

2025-08-26 17:43:47,076 WARN Istio module disabled because set nacos.extension.naming.istio.enabled as false

2025-08-26 17:43:47,076 WARN Istio module disabled because set nacos.extension.naming.istio.enabled as false

2025-08-26 17:43:47,076 WARN Istio module disabled because set nacos.extension.naming.istio.enabled as false

2025-08-26 17:43:47,076 WARN Istio module disabled because set nacos.extension.naming.istio.enabled as false

2025-08-26 17:43:47,076 WARN Istio module disabled because set nacos.extension.naming.istio.enabled as false

2025-08-26 17:43:47,076 WARN Istio module disabled because set nacos.extension.naming.istio.enabled as false

2025-08-26 17:43:47,076 WARN Istio module disabled because set nacos.extension.naming.istio.enabled as false

2025-08-26 17:43:47,076 WARN Istio module disabled because set nacos.extension.naming.istio.enabled as false

2025-08-26 17:43:47,077 WARN Istio module disabled because set nacos.extension.naming.istio.enabled as false

2025-08-26 17:43:47,085 WARN Istio module disabled because set nacos.extension.naming.istio.enabled as false

2025-08-26 17:43:47,086 WARN Istio module disabled because set nacos.extension.naming.istio.enabled as false

2025-08-26 17:43:47,086 WARN Istio module disabled because set nacos.extension.naming.istio.enabled as false

2025-08-26 17:43:47,086 WARN Istio module disabled because set nacos.extension.naming.istio.enabled as false

2025-08-26 17:43:47,087 WARN Istio module disabled because set nacos.extension.naming.istio.enabled as false

2025-08-26 17:43:47,087 WARN Istio module disabled because set nacos.extension.naming.istio.enabled as false

2025-08-26 17:43:47,087 WARN Istio module disabled because set nacos.extension.naming.istio.enabled as false

2025-08-26 17:43:47,087 WARN Istio module disabled because set nacos.extension.naming.istio.enabled as false

2025-08-26 17:43:47,088 WARN Istio module disabled because set nacos.extension.naming.istio.enabled as false

2025-08-26 17:43:47,088 WARN Istio module disabled because set nacos.extension.naming.istio.enabled as false

2025-08-26 17:43:47,088 WARN Istio module disabled because set nacos.extension.naming.istio.enabled as false

2025-08-26 17:43:47,088 WARN Istio module disabled because set nacos.extension.naming.istio.enabled as false

2025-08-26 17:43:47,088 WARN Istio module disabled because set nacos.extension.naming.istio.enabled as false

2025-08-26 17:43:47,088 WARN Istio module disabled because set nacos.extension.naming.istio.enabled as false

2025-08-26 17:43:47,089 WARN Istio module disabled because set nacos.extension.naming.istio.enabled as false

2025-08-26 17:43:47,089 WARN Istio module disabled because set nacos.extension.naming.istio.enabled as false

2025-08-26 17:43:47,089 WARN Istio module disabled because set nacos.extension.naming.istio.enabled as false

2025-08-26 17:43:47,090 WARN Istio module disabled because set nacos.extension.naming.istio.enabled as false

2025-08-26 17:43:47,090 WARN Istio module disabled because set nacos.extension.naming.istio.enabled as false

2025-08-26 17:43:47,090 WARN Istio module disabled because set nacos.extension.naming.istio.enabled as false

2025-08-26 17:43:47,091 WARN Istio module disabled because set nacos.extension.naming.istio.enabled as false

2025-08-26 17:43:47,093 WARN Istio module disabled because set nacos.extension.naming.istio.enabled as false

2025-08-26 17:43:47,093 WARN Istio module disabled because set nacos.extension.naming.istio.enabled as false

2025-08-26 17:43:47,093 WARN Istio module disabled because set nacos.extension.naming.istio.enabled as false

2025-08-26 17:43:47,093 WARN Istio module disabled because set nacos.extension.naming.istio.enabled as false

2025-08-26 17:43:47,093 WARN Istio module disabled because set nacos.extension.naming.istio.enabled as false

2025-08-26 17:43:47,093 WARN Istio module disabled because set nacos.extension.naming.istio.enabled as false

2025-08-26 17:43:47,093 WARN Istio module disabled because set nacos.extension.naming.istio.enabled as false

2025-08-26 17:43:47,094 WARN Istio module disabled because set nacos.extension.naming.istio.enabled as false

2025-08-26 17:43:47,094 WARN Istio module disabled because set nacos.extension.naming.istio.enabled as false

2025-08-26 17:43:47,094 WARN Istio module disabled because set nacos.extension.naming.istio.enabled as false

2025-08-26 17:43:47,094 WARN Istio module disabled because set nacos.extension.naming.istio.enabled as false

2025-08-26 17:43:47,094 WARN Istio module disabled because set nacos.extension.naming.istio.enabled as false

2025-08-26 17:43:47,094 WARN Istio module disabled because set nacos.extension.naming.istio.enabled as false

2025-08-26 17:43:47,094 WARN Istio module disabled because set nacos.extension.naming.istio.enabled as false

2025-08-26 17:43:47,094 WARN Istio module disabled because set nacos.extension.naming.istio.enabled as false

2025-08-26 17:43:47,095 WARN Istio module disabled because set nacos.extension.naming.istio.enabled as false

2025-08-26 17:43:47,095 WARN Istio module disabled because set nacos.extension.naming.istio.enabled as false

2025-08-26 17:43:47,095 WARN Istio module disabled because set nacos.extension.naming.istio.enabled as false

2025-08-26 17:43:47,095 WARN Istio module disabled because set nacos.extension.naming.istio.enabled as false

2025-08-26 17:43:47,374 INFO Skip @SpringBootApplication annotation for class com.alibaba.nacos.prometheus.PrometheusApp to avoid duplicate scan

2025-08-26 17:43:47,376 WARN K8s Sync module disabled because set nacos.k8s.sync.enabled as false

2025-08-26 17:43:47,377 WARN K8s Sync module disabled because set nacos.k8s.sync.enabled as false

2025-08-26 17:43:47,377 WARN K8s Sync module disabled because set nacos.k8s.sync.enabled as false

2025-08-26 17:43:47,377 WARN K8s Sync module disabled because set nacos.k8s.sync.enabled as false

2025-08-26 17:43:47,377 WARN K8s Sync module disabled because set nacos.k8s.sync.enabled as false

2025-08-26 17:43:47,378 WARN K8s Sync module disabled because set nacos.k8s.sync.enabled as false

2025-08-26 17:43:47,378 WARN K8s Sync module disabled because set nacos.k8s.sync.enabled as false

2025-08-26 17:43:47,378 INFO Skip @SpringBootApplication annotation for class com.alibaba.nacos.NacosServerWebApplication to avoid duplicate scan

2025-08-26 17:43:47,379 INFO Skip @SpringBootApplication annotation for class com.alibaba.nacos.mcpregistry.NacosMcpRegistry to avoid duplicate scan

2025-08-26 17:43:47,673 INFO Nacos Server is starting...

2025-08-26 17:43:48,680 INFO Nacos Server is starting...

2025-08-26 17:43:48,893 INFO HikariPool-1 - Starting...

2025-08-26 17:43:48,899 WARN Registered driver with driverClassName=org.apache.derby.jdbc.EmbeddedDriver was not found, trying direct instantiation.

2025-08-26 17:43:49,162 INFO HikariPool-1 - Driver does not support get/set network timeout for connections. (Feature not implemented: No details.)

2025-08-26 17:43:49,166 INFO HikariPool-1 - Start completed.

2025-08-26 17:43:49,692 INFO Nacos Server is starting...

2025-08-26 17:43:49,711 INFO [MapperManager] Load Mapper(class com.alibaba.nacos.plugin.datasource.impl.mysql.ConfigInfoBetaMapperByMySql) datasource(mysql) tableName(config_info_beta) successfully.

2025-08-26 17:43:49,712 INFO [MapperManager] Load Mapper(class com.alibaba.nacos.plugin.datasource.impl.mysql.ConfigInfoMapperByMySql) datasource(mysql) tableName(config_info) successfully.

2025-08-26 17:43:49,712 INFO [MapperManager] Load Mapper(class com.alibaba.nacos.plugin.datasource.impl.mysql.ConfigInfoTagMapperByMySql) datasource(mysql) tableName(config_info_tag) successfully.

2025-08-26 17:43:49,712 INFO [MapperManager] Load Mapper(class com.alibaba.nacos.plugin.datasource.impl.mysql.ConfigInfoGrayMapperByMySql) datasource(mysql) tableName(config_info_gray) successfully.

2025-08-26 17:43:49,712 INFO [MapperManager] Load Mapper(class com.alibaba.nacos.plugin.datasource.impl.mysql.ConfigTagsRelationMapperByMySql) datasource(mysql) tableName(config_tags_relation) successfully.

2025-08-26 17:43:49,712 INFO [MapperManager] Load Mapper(class com.alibaba.nacos.plugin.datasource.impl.mysql.HistoryConfigInfoMapperByMySql) datasource(mysql) tableName(his_config_info) successfully.

2025-08-26 17:43:49,712 INFO [MapperManager] Load Mapper(class com.alibaba.nacos.plugin.datasource.impl.mysql.TenantInfoMapperByMySql) datasource(mysql) tableName(tenant_info) successfully.

2025-08-26 17:43:49,712 INFO [MapperManager] Load Mapper(class com.alibaba.nacos.plugin.datasource.impl.mysql.TenantCapacityMapperByMySql) datasource(mysql) tableName(tenant_capacity) successfully.

2025-08-26 17:43:49,712 INFO [MapperManager] Load Mapper(class com.alibaba.nacos.plugin.datasource.impl.mysql.GroupCapacityMapperByMysql) datasource(mysql) tableName(group_capacity) successfully.

2025-08-26 17:43:49,712 INFO [MapperManager] Load Mapper(class com.alibaba.nacos.plugin.datasource.impl.mysql.ConfigMigrateMapperByMysql) datasource(mysql) tableName(migrate_config) successfully.

2025-08-26 17:43:49,712 INFO [MapperManager] Load Mapper(class com.alibaba.nacos.plugin.datasource.impl.derby.ConfigInfoBetaMapperByDerby) datasource(derby) tableName(config_info_beta) successfully.

2025-08-26 17:43:49,712 INFO [MapperManager] Load Mapper(class com.alibaba.nacos.plugin.datasource.impl.derby.ConfigInfoMapperByDerby) datasource(derby) tableName(config_info) successfully.

2025-08-26 17:43:49,712 INFO [MapperManager] Load Mapper(class com.alibaba.nacos.plugin.datasource.impl.derby.ConfigInfoTagMapperByDerby) datasource(derby) tableName(config_info_tag) successfully.

2025-08-26 17:43:49,712 INFO [MapperManager] Load Mapper(class com.alibaba.nacos.plugin.datasource.impl.derby.ConfigInfoGrayMapperByDerby) datasource(derby) tableName(config_info_gray) successfully.

2025-08-26 17:43:49,712 INFO [MapperManager] Load Mapper(class com.alibaba.nacos.plugin.datasource.impl.derby.ConfigInfoTagsRelationMapperByDerby) datasource(derby) tableName(config_tags_relation) successfully.

2025-08-26 17:43:49,712 INFO [MapperManager] Load Mapper(class com.alibaba.nacos.plugin.datasource.impl.derby.HistoryConfigInfoMapperByDerby) datasource(derby) tableName(his_config_info) successfully.

2025-08-26 17:43:49,712 INFO [MapperManager] Load Mapper(class com.alibaba.nacos.plugin.datasource.impl.derby.TenantInfoMapperByDerby) datasource(derby) tableName(tenant_info) successfully.

2025-08-26 17:43:49,712 INFO [MapperManager] Load Mapper(class com.alibaba.nacos.plugin.datasource.impl.derby.TenantCapacityMapperByDerby) datasource(derby) tableName(tenant_capacity) successfully.

2025-08-26 17:43:49,712 INFO [MapperManager] Load Mapper(class com.alibaba.nacos.plugin.datasource.impl.derby.GroupCapacityMapperByDerby) datasource(derby) tableName(group_capacity) successfully.

2025-08-26 17:43:49,712 INFO [MapperManager] Load Mapper(class com.alibaba.nacos.plugin.datasource.impl.derby.ConfigMigrateMapperByDerby) datasource(derby) tableName(migrate_config) successfully.

2025-08-26 17:43:49,830 INFO ConfigQueryHandlerChain has been initialized successfully with chain: nacos

2025-08-26 17:43:50,353 INFO Nacos-related cluster resource initialization

2025-08-26 17:43:50,372 INFO Load com.alibaba.nacos.core.ability.RemoteAbilityInitializer for ServerAbilityInitializer

2025-08-26 17:43:50,372 INFO Load com.alibaba.nacos.naming.ability.NamingAbilityInitializer for ServerAbilityInitializer

2025-08-26 17:43:50,377 INFO The cluster resource is initialized

2025-08-26 17:43:50,544 INFO Get configCompatible config from env, ConfigCompatibleConfig{namespaceCompatibleMode=true}

2025-08-26 17:43:50,608 INFO [migrate] start migrate config namespace

2025-08-26 17:43:50,620 INFO [migrate] migrating config namespace from empty to public, finished:0

2025-08-26 17:43:50,629 INFO [migrate] syncing config namespace from empty to public, finished:0

2025-08-26 17:43:50,629 INFO [migrate] syncing config namespace from public to empty, finished:0

2025-08-26 17:43:50,635 INFO [migrate] migrating config gray namespace from empty to public, finished:0

2025-08-26 17:43:50,642 INFO [migrate] syncing config gray namespace from empty to public, finished:0

2025-08-26 17:43:50,642 INFO [migrate] syncing config gray namespace from public to empty, finished:0

2025-08-26 17:43:50,643 INFO [migrate] finish migrate config namespacetotal time taken: 98 ms

2025-08-26 17:43:50,662 INFO Get historyConfigCleaner config from env, activeHistoryConfigCleaner{ activeHistoryConfigCleaner=nacos}

2025-08-26 17:43:50,709 INFO Nacos Server is starting...

2025-08-26 17:43:50,753 INFO Ready to get current node abilities...

2025-08-26 17:43:50,755 INFO Ready to initialize current node abilities, support modes: [CLUSTER_CLIENT, SDK_CLIENT, SERVER]

2025-08-26 17:43:50,755 INFO Initialize current abilities finish...

2025-08-26 17:43:50,757 INFO Ready to get current node abilities...

2025-08-26 17:43:50,757 INFO Ready to initialize current node abilities, support modes: [SDK_CLIENT]

2025-08-26 17:43:50,757 INFO Initialize current abilities finish...

2025-08-26 17:43:50,759 INFO [AbilityControlManager] Successfully initialize AbilityControlManager

2025-08-26 17:43:50,764 INFO Get NacosConsoleAuth config from env, NacosConsoleAuthConfig{authEnabled=true, nacosAuthSystemType='nacos'}

2025-08-26 17:43:50,768 INFO Get NacosServerAdminAuth config from env, NacosServerAdminAuthConfig{authEnabled=true, nacosAuthSystemType='nacos', serverIdentityKey='elementoj', serverIdentityValue='qiyuan11111'}

2025-08-26 17:43:50,773 INFO Get NacosServerAuth config from env, NacosServerAuthConfig{authEnabled=false, nacosAuthSystemType='nacos', serverIdentityKey='elementoj', serverIdentityValue='qiyuan11111', authPluginProperties={nacos={token.expire.seconds=18000, token.secret.key=ZWxlbWVudG9qcWl5dWFuMTExMTFRcTEwNjk4NzYzMg==, token.cache.enable=false}}}

2025-08-26 17:43:50,776 INFO Not found ServerIdentityChecker implementation from SPI, use default.

2025-08-26 17:43:51,715 INFO Nacos Server is starting...

2025-08-26 17:43:52,286 INFO Creating McpCacheIndex bean with maxSize=10000, expireTime=3600s, cleanupInterval=300s

2025-08-26 17:43:52,289 INFO Creating ScheduledExecutorService for MCP cache with syncInterval=300s

2025-08-26 17:43:52,295 INFO Creating CachedMcpServerIndex bean with cache enabled

2025-08-26 17:43:52,296 INFO Cache sync task started with interval: 300s

2025-08-26 17:43:52,296 INFO CachedMcpServerIndex initialized with cacheEnabled=true, syncInterval=300s

2025-08-26 17:43:52,530 WARN Exception encountered during context initialization - cancelling refresh attempt: org.springframework.beans.factory.UnsatisfiedDependencyException: Error creating bean with name 'defaultAuthenticationManager' defined in class path resource [com/alibaba/nacos/plugin/auth/impl/configuration/core/NacosAuthPluginCoreConfig.class]: Unsatisfied dependency expressed through method 'defaultAuthenticationManager' parameter 1: Error creating bean with name 'tokenManagerDelegate' defined in class path resource [com/alibaba/nacos/plugin/auth/impl/configuration/core/NacosAuthPluginCoreConfig.class]: Unsatisfied dependency expressed through method 'tokenManagerDelegate' parameter 0: Error creating bean with name 'tokenManager' defined in class path resource [com/alibaba/nacos/plugin/auth/impl/configuration/core/NacosAuthPluginCoreConfig.class]: Failed to instantiate [com.alibaba.nacos.plugin.auth.impl.token.TokenManager]: Factory method 'tokenManager' threw exception with message: the length of secret key must great than or equal 32 bytes; And the secret key  must be encoded by base64.Please see https://nacos.io/docs/latest/manual/admin/auth/

2025-08-26 17:43:53,556 WARN [WatchFileCenter] start close

2025-08-26 17:43:53,558 WARN [WatchFileCenter] start to shutdown this watcher which is watch : D:\zhengyiming14\Documents\idea\ElementOJ\nacos-server-3.0.3\nacos\conf

2025-08-26 17:43:53,558 WARN [WatchFileCenter] already closed

2025-08-26 17:43:53,559 INFO [NotifyCenter] Start destroying Publisher

2025-08-26 17:43:53,559 INFO [NotifyCenter] Completed destruction of Publisher

2025-08-26 17:43:53,559 ERROR Event listener exception : 

java.lang.InterruptedException: null
	at java.base/java.util.concurrent.locks.AbstractQueuedSynchronizer$ConditionObject.await(AbstractQueuedSynchronizer.java:1638)
	at java.base/java.util.concurrent.ArrayBlockingQueue.take(ArrayBlockingQueue.java:420)
	at com.alibaba.nacos.common.notify.DefaultPublisher.openEventHandler(DefaultPublisher.java:111)
	at com.alibaba.nacos.common.notify.DefaultPublisher.run(DefaultPublisher.java:95)
2025-08-26 17:43:53,559 ERROR Event listener exception : 

java.lang.InterruptedException: null
	at java.base/java.util.concurrent.locks.AbstractQueuedSynchronizer$ConditionObject.await(AbstractQueuedSynchronizer.java:1638)
	at java.base/java.util.concurrent.ArrayBlockingQueue.take(ArrayBlockingQueue.java:420)
	at com.alibaba.nacos.common.notify.DefaultPublisher.openEventHandler(DefaultPublisher.java:111)
	at com.alibaba.nacos.common.notify.DefaultPublisher.run(DefaultPublisher.java:95)
2025-08-26 17:43:53,559 ERROR Event listener exception : 

java.lang.InterruptedException: null
	at java.base/java.util.concurrent.locks.AbstractQueuedSynchronizer$ConditionObject.await(AbstractQueuedSynchronizer.java:1638)
	at java.base/java.util.concurrent.ArrayBlockingQueue.take(ArrayBlockingQueue.java:420)
	at com.alibaba.nacos.common.notify.DefaultPublisher.openEventHandler(DefaultPublisher.java:111)
	at com.alibaba.nacos.common.notify.DefaultPublisher.run(DefaultPublisher.java:95)
2025-08-26 17:43:53,559 ERROR Event listener exception : 

java.lang.InterruptedException: null
	at java.base/java.util.concurrent.locks.AbstractQueuedSynchronizer$ConditionObject.await(AbstractQueuedSynchronizer.java:1638)
	at java.base/java.util.concurrent.ArrayBlockingQueue.take(ArrayBlockingQueue.java:420)
	at com.alibaba.nacos.common.notify.DefaultPublisher.openEventHandler(DefaultPublisher.java:111)
	at com.alibaba.nacos.common.notify.DefaultPublisher.run(DefaultPublisher.java:95)
2025-08-26 17:43:53,559 ERROR Event listener exception : 

java.lang.InterruptedException: null
	at java.base/java.util.concurrent.locks.AbstractQueuedSynchronizer$ConditionObject.await(AbstractQueuedSynchronizer.java:1638)
	at java.base/java.util.concurrent.ArrayBlockingQueue.take(ArrayBlockingQueue.java:420)
	at com.alibaba.nacos.common.notify.DefaultPublisher.openEventHandler(DefaultPublisher.java:111)
	at com.alibaba.nacos.common.notify.DefaultPublisher.run(DefaultPublisher.java:95)
2025-08-26 17:43:53,559 ERROR Event listener exception : 

java.lang.InterruptedException: null
	at java.base/java.util.concurrent.locks.AbstractQueuedSynchronizer$ConditionObject.await(AbstractQueuedSynchronizer.java:1638)
	at java.base/java.util.concurrent.ArrayBlockingQueue.take(ArrayBlockingQueue.java:420)
	at com.alibaba.nacos.common.notify.DefaultPublisher.openEventHandler(DefaultPublisher.java:111)
	at com.alibaba.nacos.common.notify.DefaultPublisher.run(DefaultPublisher.java:95)
2025-08-26 17:43:53,559 ERROR Event listener exception : 

java.lang.InterruptedException: null
	at java.base/java.util.concurrent.locks.AbstractQueuedSynchronizer$ConditionObject.await(AbstractQueuedSynchronizer.java:1638)
	at java.base/java.util.concurrent.ArrayBlockingQueue.take(ArrayBlockingQueue.java:420)
	at com.alibaba.nacos.common.notify.DefaultPublisher.openEventHandler(DefaultPublisher.java:111)
	at com.alibaba.nacos.common.notify.DefaultPublisher.run(DefaultPublisher.java:95)
2025-08-26 17:43:53,559 ERROR Event listener exception : 

java.lang.InterruptedException: null
	at java.base/java.util.concurrent.locks.AbstractQueuedSynchronizer$ConditionObject.await(AbstractQueuedSynchronizer.java:1638)
	at java.base/java.util.concurrent.ArrayBlockingQueue.take(ArrayBlockingQueue.java:420)
	at com.alibaba.nacos.common.notify.DefaultPublisher.openEventHandler(DefaultPublisher.java:111)
	at com.alibaba.nacos.common.notify.DefaultPublisher.run(DefaultPublisher.java:95)
2025-08-26 17:43:53,559 ERROR Event listener exception : 

java.lang.InterruptedException: null
	at java.base/java.util.concurrent.locks.AbstractQueuedSynchronizer$ConditionObject.await(AbstractQueuedSynchronizer.java:1638)
	at java.base/java.util.concurrent.ArrayBlockingQueue.take(ArrayBlockingQueue.java:420)
	at com.alibaba.nacos.common.notify.DefaultPublisher.openEventHandler(DefaultPublisher.java:111)
	at com.alibaba.nacos.common.notify.DefaultPublisher.run(DefaultPublisher.java:95)
2025-08-26 17:43:53,559 ERROR Event listener exception : 

java.lang.InterruptedException: null
	at java.base/java.util.concurrent.locks.AbstractQueuedSynchronizer$ConditionObject.await(AbstractQueuedSynchronizer.java:1638)
	at java.base/java.util.concurrent.ArrayBlockingQueue.take(ArrayBlockingQueue.java:420)
	at com.alibaba.nacos.common.notify.DefaultPublisher.openEventHandler(DefaultPublisher.java:111)
	at com.alibaba.nacos.common.notify.DefaultPublisher.run(DefaultPublisher.java:95)
2025-08-26 17:43:53,559 ERROR Startup errors : 

org.springframework.beans.factory.UnsatisfiedDependencyException: Error creating bean with name 'defaultAuthenticationManager' defined in class path resource [com/alibaba/nacos/plugin/auth/impl/configuration/core/NacosAuthPluginCoreConfig.class]: Unsatisfied dependency expressed through method 'defaultAuthenticationManager' parameter 1: Error creating bean with name 'tokenManagerDelegate' defined in class path resource [com/alibaba/nacos/plugin/auth/impl/configuration/core/NacosAuthPluginCoreConfig.class]: Unsatisfied dependency expressed through method 'tokenManagerDelegate' parameter 0: Error creating bean with name 'tokenManager' defined in class path resource [com/alibaba/nacos/plugin/auth/impl/configuration/core/NacosAuthPluginCoreConfig.class]: Failed to instantiate [com.alibaba.nacos.plugin.auth.impl.token.TokenManager]: Factory method 'tokenManager' threw exception with message: the length of secret key must great than or equal 32 bytes; And the secret key  must be encoded by base64.Please see https://nacos.io/docs/latest/manual/admin/auth/
	at org.springframework.beans.factory.support.ConstructorResolver.createArgumentArray(ConstructorResolver.java:804)
	at org.springframework.beans.factory.support.ConstructorResolver.instantiateUsingFactoryMethod(ConstructorResolver.java:546)
	at org.springframework.beans.factory.support.AbstractAutowireCapableBeanFactory.instantiateUsingFactoryMethod(AbstractAutowireCapableBeanFactory.java:1361)
	at org.springframework.beans.factory.support.AbstractAutowireCapableBeanFactory.createBeanInstance(AbstractAutowireCapableBeanFactory.java:1191)
	at org.springframework.beans.factory.support.AbstractAutowireCapableBeanFactory.doCreateBean(AbstractAutowireCapableBeanFactory.java:563)
	at org.springframework.beans.factory.support.AbstractAutowireCapableBeanFactory.createBean(AbstractAutowireCapableBeanFactory.java:523)
	at org.springframework.beans.factory.support.AbstractBeanFactory.lambda$doGetBean$0(AbstractBeanFactory.java:339)
	at org.springframework.beans.factory.support.DefaultSingletonBeanRegistry.getSingleton(DefaultSingletonBeanRegistry.java:347)
	at org.springframework.beans.factory.support.AbstractBeanFactory.doGetBean(AbstractBeanFactory.java:337)
	at org.springframework.beans.factory.support.AbstractBeanFactory.getBean(AbstractBeanFactory.java:202)
	at org.springframework.beans.factory.support.DefaultListableBeanFactory.instantiateSingleton(DefaultListableBeanFactory.java:1155)
	at org.springframework.beans.factory.support.DefaultListableBeanFactory.preInstantiateSingleton(DefaultListableBeanFactory.java:1121)
	at org.springframework.beans.factory.support.DefaultListableBeanFactory.preInstantiateSingletons(DefaultListableBeanFactory.java:1056)
	at org.springframework.context.support.AbstractApplicationContext.finishBeanFactoryInitialization(AbstractApplicationContext.java:987)
	at org.springframework.context.support.AbstractApplicationContext.refresh(AbstractApplicationContext.java:627)
	at org.springframework.boot.SpringApplication.refresh(SpringApplication.java:752)
	at org.springframework.boot.SpringApplication.refreshContext(SpringApplication.java:439)
	at org.springframework.boot.SpringApplication.run(SpringApplication.java:318)
	at org.springframework.boot.builder.SpringApplicationBuilder.run(SpringApplicationBuilder.java:149)
	at com.alibaba.nacos.bootstrap.NacosBootstrap.startCoreContext(NacosBootstrap.java:96)
	at com.alibaba.nacos.bootstrap.NacosBootstrap.startWithConsole(NacosBootstrap.java:84)
	at com.alibaba.nacos.bootstrap.NacosBootstrap.main(NacosBootstrap.java:54)
	at java.base/jdk.internal.reflect.NativeMethodAccessorImpl.invoke0(Native Method)
	at java.base/jdk.internal.reflect.NativeMethodAccessorImpl.invoke(NativeMethodAccessorImpl.java:77)
	at java.base/jdk.internal.reflect.DelegatingMethodAccessorImpl.invoke(DelegatingMethodAccessorImpl.java:43)
	at java.base/java.lang.reflect.Method.invoke(Method.java:568)
	at org.springframework.boot.loader.launch.Launcher.launch(Launcher.java:102)
	at org.springframework.boot.loader.launch.Launcher.launch(Launcher.java:64)
	at org.springframework.boot.loader.launch.PropertiesLauncher.main(PropertiesLauncher.java:580)
Caused by: org.springframework.beans.factory.UnsatisfiedDependencyException: Error creating bean with name 'tokenManagerDelegate' defined in class path resource [com/alibaba/nacos/plugin/auth/impl/configuration/core/NacosAuthPluginCoreConfig.class]: Unsatisfied dependency expressed through method 'tokenManagerDelegate' parameter 0: Error creating bean with name 'tokenManager' defined in class path resource [com/alibaba/nacos/plugin/auth/impl/configuration/core/NacosAuthPluginCoreConfig.class]: Failed to instantiate [com.alibaba.nacos.plugin.auth.impl.token.TokenManager]: Factory method 'tokenManager' threw exception with message: the length of secret key must great than or equal 32 bytes; And the secret key  must be encoded by base64.Please see https://nacos.io/docs/latest/manual/admin/auth/
	at org.springframework.beans.factory.support.ConstructorResolver.createArgumentArray(ConstructorResolver.java:804)
	at org.springframework.beans.factory.support.ConstructorResolver.instantiateUsingFactoryMethod(ConstructorResolver.java:546)
	at org.springframework.beans.factory.support.AbstractAutowireCapableBeanFactory.instantiateUsingFactoryMethod(AbstractAutowireCapableBeanFactory.java:1361)
	at org.springframework.beans.factory.support.AbstractAutowireCapableBeanFactory.createBeanInstance(AbstractAutowireCapableBeanFactory.java:1191)
	at org.springframework.beans.factory.support.AbstractAutowireCapableBeanFactory.doCreateBean(AbstractAutowireCapableBeanFactory.java:563)
	at org.springframework.beans.factory.support.AbstractAutowireCapableBeanFactory.createBean(AbstractAutowireCapableBeanFactory.java:523)
	at org.springframework.beans.factory.support.AbstractBeanFactory.lambda$doGetBean$0(AbstractBeanFactory.java:339)
	at org.springframework.beans.factory.support.DefaultSingletonBeanRegistry.getSingleton(DefaultSingletonBeanRegistry.java:347)
	at org.springframework.beans.factory.support.AbstractBeanFactory.doGetBean(AbstractBeanFactory.java:337)
	at org.springframework.beans.factory.support.AbstractBeanFactory.getBean(AbstractBeanFactory.java:202)
	at org.springframework.beans.factory.config.DependencyDescriptor.resolveCandidate(DependencyDescriptor.java:254)
	at org.springframework.beans.factory.support.DefaultListableBeanFactory.doResolveDependency(DefaultListableBeanFactory.java:1667)
	at org.springframework.beans.factory.support.DefaultListableBeanFactory.resolveDependency(DefaultListableBeanFactory.java:1555)
	at org.springframework.beans.factory.support.ConstructorResolver.resolveAutowiredArgument(ConstructorResolver.java:913)
	at org.springframework.beans.factory.support.ConstructorResolver.createArgumentArray(ConstructorResolver.java:791)
	... 28 common frames omitted
Caused by: org.springframework.beans.factory.BeanCreationException: Error creating bean with name 'tokenManager' defined in class path resource [com/alibaba/nacos/plugin/auth/impl/configuration/core/NacosAuthPluginCoreConfig.class]: Failed to instantiate [com.alibaba.nacos.plugin.auth.impl.token.TokenManager]: Factory method 'tokenManager' threw exception with message: the length of secret key must great than or equal 32 bytes; And the secret key  must be encoded by base64.Please see https://nacos.io/docs/latest/manual/admin/auth/
	at org.springframework.beans.factory.support.ConstructorResolver.instantiate(ConstructorResolver.java:657)
	at org.springframework.beans.factory.support.ConstructorResolver.instantiateUsingFactoryMethod(ConstructorResolver.java:645)
	at org.springframework.beans.factory.support.AbstractAutowireCapableBeanFactory.instantiateUsingFactoryMethod(AbstractAutowireCapableBeanFactory.java:1361)
	at org.springframework.beans.factory.support.AbstractAutowireCapableBeanFactory.createBeanInstance(AbstractAutowireCapableBeanFactory.java:1191)
	at org.springframework.beans.factory.support.AbstractAutowireCapableBeanFactory.doCreateBean(AbstractAutowireCapableBeanFactory.java:563)
	at org.springframework.beans.factory.support.AbstractAutowireCapableBeanFactory.createBean(AbstractAutowireCapableBeanFactory.java:523)
	at org.springframework.beans.factory.support.AbstractBeanFactory.lambda$doGetBean$0(AbstractBeanFactory.java:339)
	at org.springframework.beans.factory.support.DefaultSingletonBeanRegistry.getSingleton(DefaultSingletonBeanRegistry.java:347)
	at org.springframework.beans.factory.support.AbstractBeanFactory.doGetBean(AbstractBeanFactory.java:337)
	at org.springframework.beans.factory.support.AbstractBeanFactory.getBean(AbstractBeanFactory.java:202)
	at org.springframework.beans.factory.support.DefaultListableBeanFactory.doResolveDependency(DefaultListableBeanFactory.java:1609)
	at org.springframework.beans.factory.support.DefaultListableBeanFactory.resolveDependency(DefaultListableBeanFactory.java:1555)
	at org.springframework.beans.factory.support.ConstructorResolver.resolveAutowiredArgument(ConstructorResolver.java:913)
	at org.springframework.beans.factory.support.ConstructorResolver.createArgumentArray(ConstructorResolver.java:791)
	... 42 common frames omitted
Caused by: org.springframework.beans.BeanInstantiationException: Failed to instantiate [com.alibaba.nacos.plugin.auth.impl.token.TokenManager]: Factory method 'tokenManager' threw exception with message: the length of secret key must great than or equal 32 bytes; And the secret key  must be encoded by base64.Please see https://nacos.io/docs/latest/manual/admin/auth/
	at org.springframework.beans.factory.support.SimpleInstantiationStrategy.lambda$instantiate$0(SimpleInstantiationStrategy.java:199)
	at org.springframework.beans.factory.support.SimpleInstantiationStrategy.instantiateWithFactoryMethod(SimpleInstantiationStrategy.java:88)
	at org.springframework.beans.factory.support.SimpleInstantiationStrategy.instantiate(SimpleInstantiationStrategy.java:168)
	at org.springframework.beans.factory.support.ConstructorResolver.instantiate(ConstructorResolver.java:653)
	... 55 common frames omitted
Caused by: java.lang.IllegalArgumentException: the length of secret key must great than or equal 32 bytes; And the secret key  must be encoded by base64.Please see https://nacos.io/docs/latest/manual/admin/auth/
	at com.alibaba.nacos.plugin.auth.impl.token.impl.JwtTokenManager.processProperties(JwtTokenManager.java:78)
	at com.alibaba.nacos.plugin.auth.impl.token.impl.JwtTokenManager.<init>(JwtTokenManager.java:64)
	at com.alibaba.nacos.plugin.auth.impl.configuration.core.NacosAuthPluginCoreConfig.tokenManager(NacosAuthPluginCoreConfig.java:101)
	at java.base/jdk.internal.reflect.NativeMethodAccessorImpl.invoke0(Native Method)
	at java.base/jdk.internal.reflect.NativeMethodAccessorImpl.invoke(NativeMethodAccessorImpl.java:77)
	at java.base/jdk.internal.reflect.DelegatingMethodAccessorImpl.invoke(DelegatingMethodAccessorImpl.java:43)
	at java.base/java.lang.reflect.Method.invoke(Method.java:568)
	at org.springframework.beans.factory.support.SimpleInstantiationStrategy.lambda$instantiate$0(SimpleInstantiationStrategy.java:171)
	... 58 common frames omitted
Caused by: java.lang.IllegalArgumentException: The specified key byte array is 248 bits which is not secure enough for any JWT HMAC-SHA algorithm.  The JWT JWA Specification (RFC 7518, Section 3.2) states that keys used with HMAC-SHA algorithms MUST have a size >= 256 bits (the key size must be greater than or equal to the hash output size).  See https://tools.ietf.org/html/rfc7518#section-3.2 for more information.
	at com.alibaba.nacos.plugin.auth.impl.jwt.NacosJwtParser.<init>(NacosJwtParser.java:54)
	at com.alibaba.nacos.plugin.auth.impl.token.impl.JwtTokenManager.processProperties(JwtTokenManager.java:74)
	... 65 common frames omitted
2025-08-26 17:43:53,565 ERROR Nacos failed to start, please see D:\zhengyiming14\Documents\idea\ElementOJ\nacos-server-3.0.3\nacos\logs\nacos.log for more details.

2025-08-26 17:43:53,578 INFO 

Error starting ApplicationContext. To display the condition evaluation report re-run your application with 'debug' enabled.

2025-08-26 17:43:53,601 ERROR Application run failed

org.springframework.beans.factory.UnsatisfiedDependencyException: Error creating bean with name 'defaultAuthenticationManager' defined in class path resource [com/alibaba/nacos/plugin/auth/impl/configuration/core/NacosAuthPluginCoreConfig.class]: Unsatisfied dependency expressed through method 'defaultAuthenticationManager' parameter 1: Error creating bean with name 'tokenManagerDelegate' defined in class path resource [com/alibaba/nacos/plugin/auth/impl/configuration/core/NacosAuthPluginCoreConfig.class]: Unsatisfied dependency expressed through method 'tokenManagerDelegate' parameter 0: Error creating bean with name 'tokenManager' defined in class path resource [com/alibaba/nacos/plugin/auth/impl/configuration/core/NacosAuthPluginCoreConfig.class]: Failed to instantiate [com.alibaba.nacos.plugin.auth.impl.token.TokenManager]: Factory method 'tokenManager' threw exception with message: the length of secret key must great than or equal 32 bytes; And the secret key  must be encoded by base64.Please see https://nacos.io/docs/latest/manual/admin/auth/
	at org.springframework.beans.factory.support.ConstructorResolver.createArgumentArray(ConstructorResolver.java:804)
	at org.springframework.beans.factory.support.ConstructorResolver.instantiateUsingFactoryMethod(ConstructorResolver.java:546)
	at org.springframework.beans.factory.support.AbstractAutowireCapableBeanFactory.instantiateUsingFactoryMethod(AbstractAutowireCapableBeanFactory.java:1361)
	at org.springframework.beans.factory.support.AbstractAutowireCapableBeanFactory.createBeanInstance(AbstractAutowireCapableBeanFactory.java:1191)
	at org.springframework.beans.factory.support.AbstractAutowireCapableBeanFactory.doCreateBean(AbstractAutowireCapableBeanFactory.java:563)
	at org.springframework.beans.factory.support.AbstractAutowireCapableBeanFactory.createBean(AbstractAutowireCapableBeanFactory.java:523)
	at org.springframework.beans.factory.support.AbstractBeanFactory.lambda$doGetBean$0(AbstractBeanFactory.java:339)
	at org.springframework.beans.factory.support.DefaultSingletonBeanRegistry.getSingleton(DefaultSingletonBeanRegistry.java:347)
	at org.springframework.beans.factory.support.AbstractBeanFactory.doGetBean(AbstractBeanFactory.java:337)
	at org.springframework.beans.factory.support.AbstractBeanFactory.getBean(AbstractBeanFactory.java:202)
	at org.springframework.beans.factory.support.DefaultListableBeanFactory.instantiateSingleton(DefaultListableBeanFactory.java:1155)
	at org.springframework.beans.factory.support.DefaultListableBeanFactory.preInstantiateSingleton(DefaultListableBeanFactory.java:1121)
	at org.springframework.beans.factory.support.DefaultListableBeanFactory.preInstantiateSingletons(DefaultListableBeanFactory.java:1056)
	at org.springframework.context.support.AbstractApplicationContext.finishBeanFactoryInitialization(AbstractApplicationContext.java:987)
	at org.springframework.context.support.AbstractApplicationContext.refresh(AbstractApplicationContext.java:627)
	at org.springframework.boot.SpringApplication.refresh(SpringApplication.java:752)
	at org.springframework.boot.SpringApplication.refreshContext(SpringApplication.java:439)
	at org.springframework.boot.SpringApplication.run(SpringApplication.java:318)
	at org.springframework.boot.builder.SpringApplicationBuilder.run(SpringApplicationBuilder.java:149)
	at com.alibaba.nacos.bootstrap.NacosBootstrap.startCoreContext(NacosBootstrap.java:96)
	at com.alibaba.nacos.bootstrap.NacosBootstrap.startWithConsole(NacosBootstrap.java:84)
	at com.alibaba.nacos.bootstrap.NacosBootstrap.main(NacosBootstrap.java:54)
	at java.base/jdk.internal.reflect.NativeMethodAccessorImpl.invoke0(Native Method)
	at java.base/jdk.internal.reflect.NativeMethodAccessorImpl.invoke(NativeMethodAccessorImpl.java:77)
	at java.base/jdk.internal.reflect.DelegatingMethodAccessorImpl.invoke(DelegatingMethodAccessorImpl.java:43)
	at java.base/java.lang.reflect.Method.invoke(Method.java:568)
	at org.springframework.boot.loader.launch.Launcher.launch(Launcher.java:102)
	at org.springframework.boot.loader.launch.Launcher.launch(Launcher.java:64)
	at org.springframework.boot.loader.launch.PropertiesLauncher.main(PropertiesLauncher.java:580)
Caused by: org.springframework.beans.factory.UnsatisfiedDependencyException: Error creating bean with name 'tokenManagerDelegate' defined in class path resource [com/alibaba/nacos/plugin/auth/impl/configuration/core/NacosAuthPluginCoreConfig.class]: Unsatisfied dependency expressed through method 'tokenManagerDelegate' parameter 0: Error creating bean with name 'tokenManager' defined in class path resource [com/alibaba/nacos/plugin/auth/impl/configuration/core/NacosAuthPluginCoreConfig.class]: Failed to instantiate [com.alibaba.nacos.plugin.auth.impl.token.TokenManager]: Factory method 'tokenManager' threw exception with message: the length of secret key must great than or equal 32 bytes; And the secret key  must be encoded by base64.Please see https://nacos.io/docs/latest/manual/admin/auth/
	at org.springframework.beans.factory.support.ConstructorResolver.createArgumentArray(ConstructorResolver.java:804)
	at org.springframework.beans.factory.support.ConstructorResolver.instantiateUsingFactoryMethod(ConstructorResolver.java:546)
	at org.springframework.beans.factory.support.AbstractAutowireCapableBeanFactory.instantiateUsingFactoryMethod(AbstractAutowireCapableBeanFactory.java:1361)
	at org.springframework.beans.factory.support.AbstractAutowireCapableBeanFactory.createBeanInstance(AbstractAutowireCapableBeanFactory.java:1191)
	at org.springframework.beans.factory.support.AbstractAutowireCapableBeanFactory.doCreateBean(AbstractAutowireCapableBeanFactory.java:563)
	at org.springframework.beans.factory.support.AbstractAutowireCapableBeanFactory.createBean(AbstractAutowireCapableBeanFactory.java:523)
	at org.springframework.beans.factory.support.AbstractBeanFactory.lambda$doGetBean$0(AbstractBeanFactory.java:339)
	at org.springframework.beans.factory.support.DefaultSingletonBeanRegistry.getSingleton(DefaultSingletonBeanRegistry.java:347)
	at org.springframework.beans.factory.support.AbstractBeanFactory.doGetBean(AbstractBeanFactory.java:337)
	at org.springframework.beans.factory.support.AbstractBeanFactory.getBean(AbstractBeanFactory.java:202)
	at org.springframework.beans.factory.config.DependencyDescriptor.resolveCandidate(DependencyDescriptor.java:254)
	at org.springframework.beans.factory.support.DefaultListableBeanFactory.doResolveDependency(DefaultListableBeanFactory.java:1667)
	at org.springframework.beans.factory.support.DefaultListableBeanFactory.resolveDependency(DefaultListableBeanFactory.java:1555)
	at org.springframework.beans.factory.support.ConstructorResolver.resolveAutowiredArgument(ConstructorResolver.java:913)
	at org.springframework.beans.factory.support.ConstructorResolver.createArgumentArray(ConstructorResolver.java:791)
	... 28 common frames omitted
Caused by: org.springframework.beans.factory.BeanCreationException: Error creating bean with name 'tokenManager' defined in class path resource [com/alibaba/nacos/plugin/auth/impl/configuration/core/NacosAuthPluginCoreConfig.class]: Failed to instantiate [com.alibaba.nacos.plugin.auth.impl.token.TokenManager]: Factory method 'tokenManager' threw exception with message: the length of secret key must great than or equal 32 bytes; And the secret key  must be encoded by base64.Please see https://nacos.io/docs/latest/manual/admin/auth/
	at org.springframework.beans.factory.support.ConstructorResolver.instantiate(ConstructorResolver.java:657)
	at org.springframework.beans.factory.support.ConstructorResolver.instantiateUsingFactoryMethod(ConstructorResolver.java:645)
	at org.springframework.beans.factory.support.AbstractAutowireCapableBeanFactory.instantiateUsingFactoryMethod(AbstractAutowireCapableBeanFactory.java:1361)
	at org.springframework.beans.factory.support.AbstractAutowireCapableBeanFactory.createBeanInstance(AbstractAutowireCapableBeanFactory.java:1191)
	at org.springframework.beans.factory.support.AbstractAutowireCapableBeanFactory.doCreateBean(AbstractAutowireCapableBeanFactory.java:563)
	at org.springframework.beans.factory.support.AbstractAutowireCapableBeanFactory.createBean(AbstractAutowireCapableBeanFactory.java:523)
	at org.springframework.beans.factory.support.AbstractBeanFactory.lambda$doGetBean$0(AbstractBeanFactory.java:339)
	at org.springframework.beans.factory.support.DefaultSingletonBeanRegistry.getSingleton(DefaultSingletonBeanRegistry.java:347)
	at org.springframework.beans.factory.support.AbstractBeanFactory.doGetBean(AbstractBeanFactory.java:337)
	at org.springframework.beans.factory.support.AbstractBeanFactory.getBean(AbstractBeanFactory.java:202)
	at org.springframework.beans.factory.support.DefaultListableBeanFactory.doResolveDependency(DefaultListableBeanFactory.java:1609)
	at org.springframework.beans.factory.support.DefaultListableBeanFactory.resolveDependency(DefaultListableBeanFactory.java:1555)
	at org.springframework.beans.factory.support.ConstructorResolver.resolveAutowiredArgument(ConstructorResolver.java:913)
	at org.springframework.beans.factory.support.ConstructorResolver.createArgumentArray(ConstructorResolver.java:791)
	... 42 common frames omitted
Caused by: org.springframework.beans.BeanInstantiationException: Failed to instantiate [com.alibaba.nacos.plugin.auth.impl.token.TokenManager]: Factory method 'tokenManager' threw exception with message: the length of secret key must great than or equal 32 bytes; And the secret key  must be encoded by base64.Please see https://nacos.io/docs/latest/manual/admin/auth/
	at org.springframework.beans.factory.support.SimpleInstantiationStrategy.lambda$instantiate$0(SimpleInstantiationStrategy.java:199)
	at org.springframework.beans.factory.support.SimpleInstantiationStrategy.instantiateWithFactoryMethod(SimpleInstantiationStrategy.java:88)
	at org.springframework.beans.factory.support.SimpleInstantiationStrategy.instantiate(SimpleInstantiationStrategy.java:168)
	at org.springframework.beans.factory.support.ConstructorResolver.instantiate(ConstructorResolver.java:653)
	... 55 common frames omitted
Caused by: java.lang.IllegalArgumentException: the length of secret key must great than or equal 32 bytes; And the secret key  must be encoded by base64.Please see https://nacos.io/docs/latest/manual/admin/auth/
	at com.alibaba.nacos.plugin.auth.impl.token.impl.JwtTokenManager.processProperties(JwtTokenManager.java:78)
	at com.alibaba.nacos.plugin.auth.impl.token.impl.JwtTokenManager.<init>(JwtTokenManager.java:64)
	at com.alibaba.nacos.plugin.auth.impl.configuration.core.NacosAuthPluginCoreConfig.tokenManager(NacosAuthPluginCoreConfig.java:101)
	at java.base/jdk.internal.reflect.NativeMethodAccessorImpl.invoke0(Native Method)
	at java.base/jdk.internal.reflect.NativeMethodAccessorImpl.invoke(NativeMethodAccessorImpl.java:77)
	at java.base/jdk.internal.reflect.DelegatingMethodAccessorImpl.invoke(DelegatingMethodAccessorImpl.java:43)
	at java.base/java.lang.reflect.Method.invoke(Method.java:568)
	at org.springframework.beans.factory.support.SimpleInstantiationStrategy.lambda$instantiate$0(SimpleInstantiationStrategy.java:171)
	... 58 common frames omitted
Caused by: java.lang.IllegalArgumentException: The specified key byte array is 248 bits which is not secure enough for any JWT HMAC-SHA algorithm.  The JWT JWA Specification (RFC 7518, Section 3.2) states that keys used with HMAC-SHA algorithms MUST have a size >= 256 bits (the key size must be greater than or equal to the hash output size).  See https://tools.ietf.org/html/rfc7518#section-3.2 for more information.
	at com.alibaba.nacos.plugin.auth.impl.jwt.NacosJwtParser.<init>(NacosJwtParser.java:54)
	at com.alibaba.nacos.plugin.auth.impl.token.impl.JwtTokenManager.processProperties(JwtTokenManager.java:74)
	... 65 common frames omitted
2025-08-26 17:43:53,605 INFO [HttpClientBeanHolder] Start destroying common HttpClient

2025-08-26 17:43:53,605 INFO [ThreadPoolManager] Start destroying ThreadPool

2025-08-26 17:43:53,605 INFO [ThreadPoolManager] Completed destruction of ThreadPool

2025-08-26 17:43:53,607 INFO [HttpClientBeanHolder] Completed destruction of HttpClient

2025-08-26 17:44:56,682 INFO Starting NacosBootstrap v3.0.3 using Java 17.0.12 with PID 2548 (D:\zhengyiming14\Documents\idea\ElementOJ\nacos-server-3.0.3\nacos\target\nacos-server.jar started by zhengyiming14 in D:\zhengyiming14\Documents\idea\ElementOJ)

2025-08-26 17:44:56,683 INFO The following 1 profile is active: "standalone"

2025-08-26 17:44:56,783 INFO Load Nacos package exclude filter success, package prefix com.alibaba.nacos.config.server, filter com.alibaba.nacos.config.server.filter.ConfigEnabledFilter

2025-08-26 17:44:56,784 INFO Load Nacos package exclude filter success, package prefix com.alibaba.nacos.naming, filter com.alibaba.nacos.naming.config.NamingEnabledFilter

2025-08-26 17:44:56,784 INFO Load Nacos package exclude filter success, package prefix com.alibaba.nacos.ai, filter com.alibaba.nacos.ai.config.AiEnabledFilter

2025-08-26 17:44:56,784 INFO Load Nacos package exclude filter success, package prefix com.alibaba.nacos.istio, filter com.alibaba.nacos.istio.config.IstioEnabledFilter

2025-08-26 17:44:56,784 INFO Load Nacos package exclude filter success, package prefix com.alibaba.nacos.k8s.sync, filter com.alibaba.nacos.k8s.sync.K8sSyncEnabledFilter

2025-08-26 17:44:56,898 INFO Skip @SpringBootApplication annotation for class com.alibaba.nacos.bootstrap.NacosBootstrap to avoid duplicate scan

2025-08-26 17:44:56,900 INFO Skip @SpringBootApplication annotation for class com.alibaba.nacos.Nacos to avoid duplicate scan

2025-08-26 17:44:56,901 INFO Skip @SpringBootApplication annotation for class com.alibaba.nacos.console.NacosConsole to avoid duplicate scan

2025-08-26 17:44:56,939 INFO Skip @SpringBootApplication annotation for class com.alibaba.nacos.config.server.Config to avoid duplicate scan

2025-08-26 17:44:57,014 INFO Skip @SpringBootApplication annotation for class com.alibaba.nacos.naming.NamingApp to avoid duplicate scan

2025-08-26 17:44:57,031 INFO Skip @SpringBootApplication annotation for class com.alibaba.nacos.cmdb.CmdbApp to avoid duplicate scan

2025-08-26 17:44:57,061 INFO Skip @SpringBootApplication annotation for class com.alibaba.nacos.istio.IstioApp to avoid duplicate scan

2025-08-26 17:44:57,061 WARN Istio module disabled because set nacos.extension.naming.istio.enabled as false

2025-08-26 17:44:57,061 WARN Istio module disabled because set nacos.extension.naming.istio.enabled as false

2025-08-26 17:44:57,061 WARN Istio module disabled because set nacos.extension.naming.istio.enabled as false

2025-08-26 17:44:57,061 WARN Istio module disabled because set nacos.extension.naming.istio.enabled as false

2025-08-26 17:44:57,061 WARN Istio module disabled because set nacos.extension.naming.istio.enabled as false

2025-08-26 17:44:57,062 WARN Istio module disabled because set nacos.extension.naming.istio.enabled as false

2025-08-26 17:44:57,062 WARN Istio module disabled because set nacos.extension.naming.istio.enabled as false

2025-08-26 17:44:57,062 WARN Istio module disabled because set nacos.extension.naming.istio.enabled as false

2025-08-26 17:44:57,062 WARN Istio module disabled because set nacos.extension.naming.istio.enabled as false

2025-08-26 17:44:57,062 WARN Istio module disabled because set nacos.extension.naming.istio.enabled as false

2025-08-26 17:44:57,062 WARN Istio module disabled because set nacos.extension.naming.istio.enabled as false

2025-08-26 17:44:57,062 WARN Istio module disabled because set nacos.extension.naming.istio.enabled as false

2025-08-26 17:44:57,062 WARN Istio module disabled because set nacos.extension.naming.istio.enabled as false

2025-08-26 17:44:57,062 WARN Istio module disabled because set nacos.extension.naming.istio.enabled as false

2025-08-26 17:44:57,063 WARN Istio module disabled because set nacos.extension.naming.istio.enabled as false

2025-08-26 17:44:57,063 WARN Istio module disabled because set nacos.extension.naming.istio.enabled as false

2025-08-26 17:44:57,063 WARN Istio module disabled because set nacos.extension.naming.istio.enabled as false

2025-08-26 17:44:57,063 WARN Istio module disabled because set nacos.extension.naming.istio.enabled as false

2025-08-26 17:44:57,063 WARN Istio module disabled because set nacos.extension.naming.istio.enabled as false

2025-08-26 17:44:57,063 WARN Istio module disabled because set nacos.extension.naming.istio.enabled as false

2025-08-26 17:44:57,069 WARN Istio module disabled because set nacos.extension.naming.istio.enabled as false

2025-08-26 17:44:57,069 WARN Istio module disabled because set nacos.extension.naming.istio.enabled as false

2025-08-26 17:44:57,070 WARN Istio module disabled because set nacos.extension.naming.istio.enabled as false

2025-08-26 17:44:57,070 WARN Istio module disabled because set nacos.extension.naming.istio.enabled as false

2025-08-26 17:44:57,071 WARN Istio module disabled because set nacos.extension.naming.istio.enabled as false

2025-08-26 17:44:57,071 WARN Istio module disabled because set nacos.extension.naming.istio.enabled as false

2025-08-26 17:44:57,071 WARN Istio module disabled because set nacos.extension.naming.istio.enabled as false

2025-08-26 17:44:57,071 WARN Istio module disabled because set nacos.extension.naming.istio.enabled as false

2025-08-26 17:44:57,071 WARN Istio module disabled because set nacos.extension.naming.istio.enabled as false

2025-08-26 17:44:57,071 WARN Istio module disabled because set nacos.extension.naming.istio.enabled as false

2025-08-26 17:44:57,071 WARN Istio module disabled because set nacos.extension.naming.istio.enabled as false

2025-08-26 17:44:57,071 WARN Istio module disabled because set nacos.extension.naming.istio.enabled as false

2025-08-26 17:44:57,073 WARN Istio module disabled because set nacos.extension.naming.istio.enabled as false

2025-08-26 17:44:57,073 WARN Istio module disabled because set nacos.extension.naming.istio.enabled as false

2025-08-26 17:44:57,073 WARN Istio module disabled because set nacos.extension.naming.istio.enabled as false

2025-08-26 17:44:57,073 WARN Istio module disabled because set nacos.extension.naming.istio.enabled as false

2025-08-26 17:44:57,075 WARN Istio module disabled because set nacos.extension.naming.istio.enabled as false

2025-08-26 17:44:57,075 WARN Istio module disabled because set nacos.extension.naming.istio.enabled as false

2025-08-26 17:44:57,075 WARN Istio module disabled because set nacos.extension.naming.istio.enabled as false

2025-08-26 17:44:57,076 WARN Istio module disabled because set nacos.extension.naming.istio.enabled as false

2025-08-26 17:44:57,076 WARN Istio module disabled because set nacos.extension.naming.istio.enabled as false

2025-08-26 17:44:57,076 WARN Istio module disabled because set nacos.extension.naming.istio.enabled as false

2025-08-26 17:44:57,077 WARN Istio module disabled because set nacos.extension.naming.istio.enabled as false

2025-08-26 17:44:57,077 WARN Istio module disabled because set nacos.extension.naming.istio.enabled as false

2025-08-26 17:44:57,077 WARN Istio module disabled because set nacos.extension.naming.istio.enabled as false

2025-08-26 17:44:57,077 WARN Istio module disabled because set nacos.extension.naming.istio.enabled as false

2025-08-26 17:44:57,077 WARN Istio module disabled because set nacos.extension.naming.istio.enabled as false

2025-08-26 17:44:57,077 WARN Istio module disabled because set nacos.extension.naming.istio.enabled as false

2025-08-26 17:44:57,077 WARN Istio module disabled because set nacos.extension.naming.istio.enabled as false

2025-08-26 17:44:57,079 WARN Istio module disabled because set nacos.extension.naming.istio.enabled as false

2025-08-26 17:44:57,079 WARN Istio module disabled because set nacos.extension.naming.istio.enabled as false

2025-08-26 17:44:57,079 WARN Istio module disabled because set nacos.extension.naming.istio.enabled as false

2025-08-26 17:44:57,079 WARN Istio module disabled because set nacos.extension.naming.istio.enabled as false

2025-08-26 17:44:57,079 WARN Istio module disabled because set nacos.extension.naming.istio.enabled as false

2025-08-26 17:44:57,079 WARN Istio module disabled because set nacos.extension.naming.istio.enabled as false

2025-08-26 17:44:57,079 WARN Istio module disabled because set nacos.extension.naming.istio.enabled as false

2025-08-26 17:44:57,080 WARN Istio module disabled because set nacos.extension.naming.istio.enabled as false

2025-08-26 17:44:57,080 WARN Istio module disabled because set nacos.extension.naming.istio.enabled as false

2025-08-26 17:44:57,080 WARN Istio module disabled because set nacos.extension.naming.istio.enabled as false

2025-08-26 17:44:57,080 WARN Istio module disabled because set nacos.extension.naming.istio.enabled as false

2025-08-26 17:44:57,080 WARN Istio module disabled because set nacos.extension.naming.istio.enabled as false

2025-08-26 17:44:57,080 WARN Istio module disabled because set nacos.extension.naming.istio.enabled as false

2025-08-26 17:44:57,080 WARN Istio module disabled because set nacos.extension.naming.istio.enabled as false

2025-08-26 17:44:57,352 INFO Skip @SpringBootApplication annotation for class com.alibaba.nacos.prometheus.PrometheusApp to avoid duplicate scan

2025-08-26 17:44:57,354 WARN K8s Sync module disabled because set nacos.k8s.sync.enabled as false

2025-08-26 17:44:57,355 WARN K8s Sync module disabled because set nacos.k8s.sync.enabled as false

2025-08-26 17:44:57,355 WARN K8s Sync module disabled because set nacos.k8s.sync.enabled as false

2025-08-26 17:44:57,355 WARN K8s Sync module disabled because set nacos.k8s.sync.enabled as false

2025-08-26 17:44:57,355 WARN K8s Sync module disabled because set nacos.k8s.sync.enabled as false

2025-08-26 17:44:57,356 WARN K8s Sync module disabled because set nacos.k8s.sync.enabled as false

2025-08-26 17:44:57,356 WARN K8s Sync module disabled because set nacos.k8s.sync.enabled as false

2025-08-26 17:44:57,357 INFO Skip @SpringBootApplication annotation for class com.alibaba.nacos.NacosServerWebApplication to avoid duplicate scan

2025-08-26 17:44:57,357 INFO Skip @SpringBootApplication annotation for class com.alibaba.nacos.mcpregistry.NacosMcpRegistry to avoid duplicate scan

2025-08-26 17:44:57,679 INFO Nacos Server is starting...

2025-08-26 17:44:58,576 INFO HikariPool-1 - Starting...

2025-08-26 17:44:58,580 WARN Registered driver with driverClassName=org.apache.derby.jdbc.EmbeddedDriver was not found, trying direct instantiation.

2025-08-26 17:44:58,687 INFO Nacos Server is starting...

2025-08-26 17:44:58,743 INFO HikariPool-1 - Driver does not support get/set network timeout for connections. (Feature not implemented: No details.)

2025-08-26 17:44:58,745 INFO HikariPool-1 - Start completed.

2025-08-26 17:44:59,121 INFO [MapperManager] Load Mapper(class com.alibaba.nacos.plugin.datasource.impl.mysql.ConfigInfoBetaMapperByMySql) datasource(mysql) tableName(config_info_beta) successfully.

2025-08-26 17:44:59,121 INFO [MapperManager] Load Mapper(class com.alibaba.nacos.plugin.datasource.impl.mysql.ConfigInfoMapperByMySql) datasource(mysql) tableName(config_info) successfully.

2025-08-26 17:44:59,121 INFO [MapperManager] Load Mapper(class com.alibaba.nacos.plugin.datasource.impl.mysql.ConfigInfoTagMapperByMySql) datasource(mysql) tableName(config_info_tag) successfully.

2025-08-26 17:44:59,121 INFO [MapperManager] Load Mapper(class com.alibaba.nacos.plugin.datasource.impl.mysql.ConfigInfoGrayMapperByMySql) datasource(mysql) tableName(config_info_gray) successfully.

2025-08-26 17:44:59,121 INFO [MapperManager] Load Mapper(class com.alibaba.nacos.plugin.datasource.impl.mysql.ConfigTagsRelationMapperByMySql) datasource(mysql) tableName(config_tags_relation) successfully.

2025-08-26 17:44:59,121 INFO [MapperManager] Load Mapper(class com.alibaba.nacos.plugin.datasource.impl.mysql.HistoryConfigInfoMapperByMySql) datasource(mysql) tableName(his_config_info) successfully.

2025-08-26 17:44:59,121 INFO [MapperManager] Load Mapper(class com.alibaba.nacos.plugin.datasource.impl.mysql.TenantInfoMapperByMySql) datasource(mysql) tableName(tenant_info) successfully.

2025-08-26 17:44:59,122 INFO [MapperManager] Load Mapper(class com.alibaba.nacos.plugin.datasource.impl.mysql.TenantCapacityMapperByMySql) datasource(mysql) tableName(tenant_capacity) successfully.

2025-08-26 17:44:59,122 INFO [MapperManager] Load Mapper(class com.alibaba.nacos.plugin.datasource.impl.mysql.GroupCapacityMapperByMysql) datasource(mysql) tableName(group_capacity) successfully.

2025-08-26 17:44:59,122 INFO [MapperManager] Load Mapper(class com.alibaba.nacos.plugin.datasource.impl.mysql.ConfigMigrateMapperByMysql) datasource(mysql) tableName(migrate_config) successfully.

2025-08-26 17:44:59,122 INFO [MapperManager] Load Mapper(class com.alibaba.nacos.plugin.datasource.impl.derby.ConfigInfoBetaMapperByDerby) datasource(derby) tableName(config_info_beta) successfully.

2025-08-26 17:44:59,122 INFO [MapperManager] Load Mapper(class com.alibaba.nacos.plugin.datasource.impl.derby.ConfigInfoMapperByDerby) datasource(derby) tableName(config_info) successfully.

2025-08-26 17:44:59,122 INFO [MapperManager] Load Mapper(class com.alibaba.nacos.plugin.datasource.impl.derby.ConfigInfoTagMapperByDerby) datasource(derby) tableName(config_info_tag) successfully.

2025-08-26 17:44:59,122 INFO [MapperManager] Load Mapper(class com.alibaba.nacos.plugin.datasource.impl.derby.ConfigInfoGrayMapperByDerby) datasource(derby) tableName(config_info_gray) successfully.

2025-08-26 17:44:59,122 INFO [MapperManager] Load Mapper(class com.alibaba.nacos.plugin.datasource.impl.derby.ConfigInfoTagsRelationMapperByDerby) datasource(derby) tableName(config_tags_relation) successfully.

2025-08-26 17:44:59,122 INFO [MapperManager] Load Mapper(class com.alibaba.nacos.plugin.datasource.impl.derby.HistoryConfigInfoMapperByDerby) datasource(derby) tableName(his_config_info) successfully.

2025-08-26 17:44:59,122 INFO [MapperManager] Load Mapper(class com.alibaba.nacos.plugin.datasource.impl.derby.TenantInfoMapperByDerby) datasource(derby) tableName(tenant_info) successfully.

2025-08-26 17:44:59,122 INFO [MapperManager] Load Mapper(class com.alibaba.nacos.plugin.datasource.impl.derby.TenantCapacityMapperByDerby) datasource(derby) tableName(tenant_capacity) successfully.

2025-08-26 17:44:59,122 INFO [MapperManager] Load Mapper(class com.alibaba.nacos.plugin.datasource.impl.derby.GroupCapacityMapperByDerby) datasource(derby) tableName(group_capacity) successfully.

2025-08-26 17:44:59,122 INFO [MapperManager] Load Mapper(class com.alibaba.nacos.plugin.datasource.impl.derby.ConfigMigrateMapperByDerby) datasource(derby) tableName(migrate_config) successfully.

2025-08-26 17:44:59,190 INFO ConfigQueryHandlerChain has been initialized successfully with chain: nacos

2025-08-26 17:44:59,480 INFO Nacos-related cluster resource initialization

2025-08-26 17:44:59,485 INFO Load com.alibaba.nacos.core.ability.RemoteAbilityInitializer for ServerAbilityInitializer

2025-08-26 17:44:59,485 INFO Load com.alibaba.nacos.naming.ability.NamingAbilityInitializer for ServerAbilityInitializer

2025-08-26 17:44:59,487 INFO The cluster resource is initialized

2025-08-26 17:44:59,607 INFO Get configCompatible config from env, ConfigCompatibleConfig{namespaceCompatibleMode=true}

2025-08-26 17:44:59,687 INFO [migrate] start migrate config namespace

2025-08-26 17:44:59,688 INFO Nacos Server is starting...

2025-08-26 17:44:59,699 INFO [migrate] migrating config namespace from empty to public, finished:0

2025-08-26 17:44:59,710 INFO [migrate] syncing config namespace from empty to public, finished:0

2025-08-26 17:44:59,710 INFO [migrate] syncing config namespace from public to empty, finished:0

2025-08-26 17:44:59,716 INFO [migrate] migrating config gray namespace from empty to public, finished:0

2025-08-26 17:44:59,723 INFO [migrate] syncing config gray namespace from empty to public, finished:0

2025-08-26 17:44:59,723 INFO [migrate] syncing config gray namespace from public to empty, finished:0

2025-08-26 17:44:59,723 INFO [migrate] finish migrate config namespacetotal time taken: 116 ms

2025-08-26 17:44:59,740 INFO Get historyConfigCleaner config from env, activeHistoryConfigCleaner{ activeHistoryConfigCleaner=nacos}

2025-08-26 17:44:59,829 INFO Ready to get current node abilities...

2025-08-26 17:44:59,833 INFO Ready to initialize current node abilities, support modes: [SDK_CLIENT, CLUSTER_CLIENT, SERVER]

2025-08-26 17:44:59,834 INFO Initialize current abilities finish...

2025-08-26 17:44:59,835 INFO Ready to get current node abilities...

2025-08-26 17:44:59,836 INFO Ready to initialize current node abilities, support modes: [SDK_CLIENT]

2025-08-26 17:44:59,836 INFO Initialize current abilities finish...

2025-08-26 17:44:59,837 INFO [AbilityControlManager] Successfully initialize AbilityControlManager

2025-08-26 17:44:59,842 INFO Get NacosConsoleAuth config from env, NacosConsoleAuthConfig{authEnabled=true, nacosAuthSystemType='nacos'}

2025-08-26 17:44:59,846 INFO Get NacosServerAdminAuth config from env, NacosServerAdminAuthConfig{authEnabled=true, nacosAuthSystemType='nacos', serverIdentityKey='elementoj', serverIdentityValue='qiyuan11111'}

2025-08-26 17:44:59,851 INFO Get NacosServerAuth config from env, NacosServerAuthConfig{authEnabled=false, nacosAuthSystemType='nacos', serverIdentityKey='elementoj', serverIdentityValue='qiyuan11111', authPluginProperties={nacos={token.expire.seconds=18000, token.secret.key=ZWxlbWVudG9qcWl5dWFuMTExMTFRcTEwNjk4NzYzMiE=, token.cache.enable=false}}}

2025-08-26 17:44:59,854 INFO Not found ServerIdentityChecker implementation from SPI, use default.

2025-08-26 17:45:00,696 INFO Nacos Server is starting...

2025-08-26 17:45:01,323 INFO Creating McpCacheIndex bean with maxSize=10000, expireTime=3600s, cleanupInterval=300s

2025-08-26 17:45:01,326 INFO Creating ScheduledExecutorService for MCP cache with syncInterval=300s

2025-08-26 17:45:01,329 INFO Creating CachedMcpServerIndex bean with cache enabled

2025-08-26 17:45:01,330 INFO Cache sync task started with interval: 300s

2025-08-26 17:45:01,330 INFO CachedMcpServerIndex initialized with cacheEnabled=true, syncInterval=300s

2025-08-26 17:45:04,607 INFO Starting NacosBootstrap v3.0.3 using Java 17.0.12 with PID 38528 (D:\zhengyiming14\Documents\idea\ElementOJ\nacos-server-3.0.3\nacos\target\nacos-server.jar started by zhengyiming14 in D:\zhengyiming14\Documents\idea\ElementOJ)

2025-08-26 17:45:04,608 INFO The following 1 profile is active: "standalone"

2025-08-26 17:45:04,722 INFO Load Nacos package exclude filter success, package prefix com.alibaba.nacos.config.server, filter com.alibaba.nacos.config.server.filter.ConfigEnabledFilter

2025-08-26 17:45:04,722 INFO Load Nacos package exclude filter success, package prefix com.alibaba.nacos.naming, filter com.alibaba.nacos.naming.config.NamingEnabledFilter

2025-08-26 17:45:04,722 INFO Load Nacos package exclude filter success, package prefix com.alibaba.nacos.ai, filter com.alibaba.nacos.ai.config.AiEnabledFilter

2025-08-26 17:45:04,722 INFO Load Nacos package exclude filter success, package prefix com.alibaba.nacos.istio, filter com.alibaba.nacos.istio.config.IstioEnabledFilter

2025-08-26 17:45:04,722 INFO Load Nacos package exclude filter success, package prefix com.alibaba.nacos.k8s.sync, filter com.alibaba.nacos.k8s.sync.K8sSyncEnabledFilter

2025-08-26 17:45:04,842 INFO Skip @SpringBootApplication annotation for class com.alibaba.nacos.bootstrap.NacosBootstrap to avoid duplicate scan

2025-08-26 17:45:04,845 INFO Skip @SpringBootApplication annotation for class com.alibaba.nacos.Nacos to avoid duplicate scan

2025-08-26 17:45:04,846 INFO Skip @SpringBootApplication annotation for class com.alibaba.nacos.console.NacosConsole to avoid duplicate scan

2025-08-26 17:45:04,891 INFO Skip @SpringBootApplication annotation for class com.alibaba.nacos.config.server.Config to avoid duplicate scan

2025-08-26 17:45:04,984 INFO Skip @SpringBootApplication annotation for class com.alibaba.nacos.naming.NamingApp to avoid duplicate scan

2025-08-26 17:45:05,006 INFO Skip @SpringBootApplication annotation for class com.alibaba.nacos.cmdb.CmdbApp to avoid duplicate scan

2025-08-26 17:45:05,043 INFO Skip @SpringBootApplication annotation for class com.alibaba.nacos.istio.IstioApp to avoid duplicate scan

2025-08-26 17:45:05,045 WARN Istio module disabled because set nacos.extension.naming.istio.enabled as false

2025-08-26 17:45:05,045 WARN Istio module disabled because set nacos.extension.naming.istio.enabled as false

2025-08-26 17:45:05,045 WARN Istio module disabled because set nacos.extension.naming.istio.enabled as false

2025-08-26 17:45:05,046 WARN Istio module disabled because set nacos.extension.naming.istio.enabled as false

2025-08-26 17:45:05,046 WARN Istio module disabled because set nacos.extension.naming.istio.enabled as false

2025-08-26 17:45:05,046 WARN Istio module disabled because set nacos.extension.naming.istio.enabled as false

2025-08-26 17:45:05,046 WARN Istio module disabled because set nacos.extension.naming.istio.enabled as false

2025-08-26 17:45:05,046 WARN Istio module disabled because set nacos.extension.naming.istio.enabled as false

2025-08-26 17:45:05,046 WARN Istio module disabled because set nacos.extension.naming.istio.enabled as false

2025-08-26 17:45:05,046 WARN Istio module disabled because set nacos.extension.naming.istio.enabled as false

2025-08-26 17:45:05,046 WARN Istio module disabled because set nacos.extension.naming.istio.enabled as false

2025-08-26 17:45:05,047 WARN Istio module disabled because set nacos.extension.naming.istio.enabled as false

2025-08-26 17:45:05,047 WARN Istio module disabled because set nacos.extension.naming.istio.enabled as false

2025-08-26 17:45:05,047 WARN Istio module disabled because set nacos.extension.naming.istio.enabled as false

2025-08-26 17:45:05,047 WARN Istio module disabled because set nacos.extension.naming.istio.enabled as false

2025-08-26 17:45:05,047 WARN Istio module disabled because set nacos.extension.naming.istio.enabled as false

2025-08-26 17:45:05,047 WARN Istio module disabled because set nacos.extension.naming.istio.enabled as false

2025-08-26 17:45:05,048 WARN Istio module disabled because set nacos.extension.naming.istio.enabled as false

2025-08-26 17:45:05,048 WARN Istio module disabled because set nacos.extension.naming.istio.enabled as false

2025-08-26 17:45:05,056 WARN Istio module disabled because set nacos.extension.naming.istio.enabled as false

2025-08-26 17:45:05,057 WARN Istio module disabled because set nacos.extension.naming.istio.enabled as false

2025-08-26 17:45:05,057 WARN Istio module disabled because set nacos.extension.naming.istio.enabled as false

2025-08-26 17:45:05,058 WARN Istio module disabled because set nacos.extension.naming.istio.enabled as false

2025-08-26 17:45:05,058 WARN Istio module disabled because set nacos.extension.naming.istio.enabled as false

2025-08-26 17:45:05,059 WARN Istio module disabled because set nacos.extension.naming.istio.enabled as false

2025-08-26 17:45:05,059 WARN Istio module disabled because set nacos.extension.naming.istio.enabled as false

2025-08-26 17:45:05,060 WARN Istio module disabled because set nacos.extension.naming.istio.enabled as false

2025-08-26 17:45:05,060 WARN Istio module disabled because set nacos.extension.naming.istio.enabled as false

2025-08-26 17:45:05,060 WARN Istio module disabled because set nacos.extension.naming.istio.enabled as false

2025-08-26 17:45:05,060 WARN Istio module disabled because set nacos.extension.naming.istio.enabled as false

2025-08-26 17:45:05,060 WARN Istio module disabled because set nacos.extension.naming.istio.enabled as false

2025-08-26 17:45:05,060 WARN Istio module disabled because set nacos.extension.naming.istio.enabled as false

2025-08-26 17:45:05,061 WARN Istio module disabled because set nacos.extension.naming.istio.enabled as false

2025-08-26 17:45:05,061 WARN Istio module disabled because set nacos.extension.naming.istio.enabled as false

2025-08-26 17:45:05,061 WARN Istio module disabled because set nacos.extension.naming.istio.enabled as false

2025-08-26 17:45:05,061 WARN Istio module disabled because set nacos.extension.naming.istio.enabled as false

2025-08-26 17:45:05,062 WARN Istio module disabled because set nacos.extension.naming.istio.enabled as false

2025-08-26 17:45:05,064 WARN Istio module disabled because set nacos.extension.naming.istio.enabled as false

2025-08-26 17:45:05,064 WARN Istio module disabled because set nacos.extension.naming.istio.enabled as false

2025-08-26 17:45:05,066 WARN Istio module disabled because set nacos.extension.naming.istio.enabled as false

2025-08-26 17:45:05,066 WARN Istio module disabled because set nacos.extension.naming.istio.enabled as false

2025-08-26 17:45:05,067 WARN Istio module disabled because set nacos.extension.naming.istio.enabled as false

2025-08-26 17:45:05,067 WARN Istio module disabled because set nacos.extension.naming.istio.enabled as false

2025-08-26 17:45:05,067 WARN Istio module disabled because set nacos.extension.naming.istio.enabled as false

2025-08-26 17:45:05,068 WARN Istio module disabled because set nacos.extension.naming.istio.enabled as false

2025-08-26 17:45:05,068 WARN Istio module disabled because set nacos.extension.naming.istio.enabled as false

2025-08-26 17:45:05,068 WARN Istio module disabled because set nacos.extension.naming.istio.enabled as false

2025-08-26 17:45:05,068 WARN Istio module disabled because set nacos.extension.naming.istio.enabled as false

2025-08-26 17:45:05,068 WARN Istio module disabled because set nacos.extension.naming.istio.enabled as false

2025-08-26 17:45:05,068 WARN Istio module disabled because set nacos.extension.naming.istio.enabled as false

2025-08-26 17:45:05,068 WARN Istio module disabled because set nacos.extension.naming.istio.enabled as false

2025-08-26 17:45:05,068 WARN Istio module disabled because set nacos.extension.naming.istio.enabled as false

2025-08-26 17:45:05,069 WARN Istio module disabled because set nacos.extension.naming.istio.enabled as false

2025-08-26 17:45:05,069 WARN Istio module disabled because set nacos.extension.naming.istio.enabled as false

2025-08-26 17:45:05,069 WARN Istio module disabled because set nacos.extension.naming.istio.enabled as false

2025-08-26 17:45:05,069 WARN Istio module disabled because set nacos.extension.naming.istio.enabled as false

2025-08-26 17:45:05,069 WARN Istio module disabled because set nacos.extension.naming.istio.enabled as false

2025-08-26 17:45:05,069 WARN Istio module disabled because set nacos.extension.naming.istio.enabled as false

2025-08-26 17:45:05,070 WARN Istio module disabled because set nacos.extension.naming.istio.enabled as false

2025-08-26 17:45:05,070 WARN Istio module disabled because set nacos.extension.naming.istio.enabled as false

2025-08-26 17:45:05,070 WARN Istio module disabled because set nacos.extension.naming.istio.enabled as false

2025-08-26 17:45:05,070 WARN Istio module disabled because set nacos.extension.naming.istio.enabled as false

2025-08-26 17:45:05,070 WARN Istio module disabled because set nacos.extension.naming.istio.enabled as false

2025-08-26 17:45:05,393 INFO Skip @SpringBootApplication annotation for class com.alibaba.nacos.prometheus.PrometheusApp to avoid duplicate scan

2025-08-26 17:45:05,396 WARN K8s Sync module disabled because set nacos.k8s.sync.enabled as false

2025-08-26 17:45:05,396 WARN K8s Sync module disabled because set nacos.k8s.sync.enabled as false

2025-08-26 17:45:05,396 WARN K8s Sync module disabled because set nacos.k8s.sync.enabled as false

2025-08-26 17:45:05,396 WARN K8s Sync module disabled because set nacos.k8s.sync.enabled as false

2025-08-26 17:45:05,397 WARN K8s Sync module disabled because set nacos.k8s.sync.enabled as false

2025-08-26 17:45:05,398 WARN K8s Sync module disabled because set nacos.k8s.sync.enabled as false

2025-08-26 17:45:05,398 WARN K8s Sync module disabled because set nacos.k8s.sync.enabled as false

2025-08-26 17:45:05,398 INFO Skip @SpringBootApplication annotation for class com.alibaba.nacos.NacosServerWebApplication to avoid duplicate scan

2025-08-26 17:45:05,398 INFO Skip @SpringBootApplication annotation for class com.alibaba.nacos.mcpregistry.NacosMcpRegistry to avoid duplicate scan

2025-08-26 17:45:05,613 INFO Nacos Server is starting...

2025-08-26 17:45:06,622 INFO Nacos Server is starting...

2025-08-26 17:45:06,782 INFO HikariPool-1 - Starting...

2025-08-26 17:45:06,786 WARN Registered driver with driverClassName=org.apache.derby.jdbc.EmbeddedDriver was not found, trying direct instantiation.

2025-08-26 17:45:07,002 INFO HikariPool-1 - Driver does not support get/set network timeout for connections. (Feature not implemented: No details.)

2025-08-26 17:45:07,004 INFO HikariPool-1 - Start completed.

2025-08-26 17:45:07,378 INFO [MapperManager] Load Mapper(class com.alibaba.nacos.plugin.datasource.impl.mysql.ConfigInfoBetaMapperByMySql) datasource(mysql) tableName(config_info_beta) successfully.

2025-08-26 17:45:07,378 INFO [MapperManager] Load Mapper(class com.alibaba.nacos.plugin.datasource.impl.mysql.ConfigInfoMapperByMySql) datasource(mysql) tableName(config_info) successfully.

2025-08-26 17:45:07,378 INFO [MapperManager] Load Mapper(class com.alibaba.nacos.plugin.datasource.impl.mysql.ConfigInfoTagMapperByMySql) datasource(mysql) tableName(config_info_tag) successfully.

2025-08-26 17:45:07,378 INFO [MapperManager] Load Mapper(class com.alibaba.nacos.plugin.datasource.impl.mysql.ConfigInfoGrayMapperByMySql) datasource(mysql) tableName(config_info_gray) successfully.

2025-08-26 17:45:07,378 INFO [MapperManager] Load Mapper(class com.alibaba.nacos.plugin.datasource.impl.mysql.ConfigTagsRelationMapperByMySql) datasource(mysql) tableName(config_tags_relation) successfully.

2025-08-26 17:45:07,378 INFO [MapperManager] Load Mapper(class com.alibaba.nacos.plugin.datasource.impl.mysql.HistoryConfigInfoMapperByMySql) datasource(mysql) tableName(his_config_info) successfully.

2025-08-26 17:45:07,378 INFO [MapperManager] Load Mapper(class com.alibaba.nacos.plugin.datasource.impl.mysql.TenantInfoMapperByMySql) datasource(mysql) tableName(tenant_info) successfully.

2025-08-26 17:45:07,378 INFO [MapperManager] Load Mapper(class com.alibaba.nacos.plugin.datasource.impl.mysql.TenantCapacityMapperByMySql) datasource(mysql) tableName(tenant_capacity) successfully.

2025-08-26 17:45:07,378 INFO [MapperManager] Load Mapper(class com.alibaba.nacos.plugin.datasource.impl.mysql.GroupCapacityMapperByMysql) datasource(mysql) tableName(group_capacity) successfully.

2025-08-26 17:45:07,378 INFO [MapperManager] Load Mapper(class com.alibaba.nacos.plugin.datasource.impl.mysql.ConfigMigrateMapperByMysql) datasource(mysql) tableName(migrate_config) successfully.

2025-08-26 17:45:07,378 INFO [MapperManager] Load Mapper(class com.alibaba.nacos.plugin.datasource.impl.derby.ConfigInfoBetaMapperByDerby) datasource(derby) tableName(config_info_beta) successfully.

2025-08-26 17:45:07,378 INFO [MapperManager] Load Mapper(class com.alibaba.nacos.plugin.datasource.impl.derby.ConfigInfoMapperByDerby) datasource(derby) tableName(config_info) successfully.

2025-08-26 17:45:07,378 INFO [MapperManager] Load Mapper(class com.alibaba.nacos.plugin.datasource.impl.derby.ConfigInfoTagMapperByDerby) datasource(derby) tableName(config_info_tag) successfully.

2025-08-26 17:45:07,378 INFO [MapperManager] Load Mapper(class com.alibaba.nacos.plugin.datasource.impl.derby.ConfigInfoGrayMapperByDerby) datasource(derby) tableName(config_info_gray) successfully.

2025-08-26 17:45:07,378 INFO [MapperManager] Load Mapper(class com.alibaba.nacos.plugin.datasource.impl.derby.ConfigInfoTagsRelationMapperByDerby) datasource(derby) tableName(config_tags_relation) successfully.

2025-08-26 17:45:07,378 INFO [MapperManager] Load Mapper(class com.alibaba.nacos.plugin.datasource.impl.derby.HistoryConfigInfoMapperByDerby) datasource(derby) tableName(his_config_info) successfully.

2025-08-26 17:45:07,378 INFO [MapperManager] Load Mapper(class com.alibaba.nacos.plugin.datasource.impl.derby.TenantInfoMapperByDerby) datasource(derby) tableName(tenant_info) successfully.

2025-08-26 17:45:07,378 INFO [MapperManager] Load Mapper(class com.alibaba.nacos.plugin.datasource.impl.derby.TenantCapacityMapperByDerby) datasource(derby) tableName(tenant_capacity) successfully.

2025-08-26 17:45:07,378 INFO [MapperManager] Load Mapper(class com.alibaba.nacos.plugin.datasource.impl.derby.GroupCapacityMapperByDerby) datasource(derby) tableName(group_capacity) successfully.

2025-08-26 17:45:07,378 INFO [MapperManager] Load Mapper(class com.alibaba.nacos.plugin.datasource.impl.derby.ConfigMigrateMapperByDerby) datasource(derby) tableName(migrate_config) successfully.

2025-08-26 17:45:07,445 INFO ConfigQueryHandlerChain has been initialized successfully with chain: nacos

2025-08-26 17:45:07,633 INFO Nacos Server is starting...

2025-08-26 17:45:07,725 INFO Nacos-related cluster resource initialization

2025-08-26 17:45:07,734 INFO Load com.alibaba.nacos.core.ability.RemoteAbilityInitializer for ServerAbilityInitializer

2025-08-26 17:45:07,734 INFO Load com.alibaba.nacos.naming.ability.NamingAbilityInitializer for ServerAbilityInitializer

2025-08-26 17:45:07,736 INFO The cluster resource is initialized

2025-08-26 17:45:07,855 INFO Get configCompatible config from env, ConfigCompatibleConfig{namespaceCompatibleMode=true}

2025-08-26 17:45:07,929 INFO [migrate] start migrate config namespace

2025-08-26 17:45:07,939 INFO [migrate] migrating config namespace from empty to public, finished:0

2025-08-26 17:45:07,948 INFO [migrate] syncing config namespace from empty to public, finished:0

2025-08-26 17:45:07,949 INFO [migrate] syncing config namespace from public to empty, finished:0

2025-08-26 17:45:07,954 INFO [migrate] migrating config gray namespace from empty to public, finished:0

2025-08-26 17:45:07,959 INFO [migrate] syncing config gray namespace from empty to public, finished:0

2025-08-26 17:45:07,960 INFO [migrate] syncing config gray namespace from public to empty, finished:0

2025-08-26 17:45:07,960 INFO [migrate] finish migrate config namespacetotal time taken: 105 ms

2025-08-26 17:45:07,975 INFO Get historyConfigCleaner config from env, activeHistoryConfigCleaner{ activeHistoryConfigCleaner=nacos}

2025-08-26 17:45:08,068 INFO Ready to get current node abilities...

2025-08-26 17:45:08,071 INFO Ready to initialize current node abilities, support modes: [CLUSTER_CLIENT, SERVER, SDK_CLIENT]

2025-08-26 17:45:08,072 INFO Initialize current abilities finish...

2025-08-26 17:45:08,073 INFO Ready to get current node abilities...

2025-08-26 17:45:08,074 INFO Ready to initialize current node abilities, support modes: [SDK_CLIENT]

2025-08-26 17:45:08,074 INFO Initialize current abilities finish...

2025-08-26 17:45:08,076 INFO [AbilityControlManager] Successfully initialize AbilityControlManager

2025-08-26 17:45:08,081 INFO Get NacosConsoleAuth config from env, NacosConsoleAuthConfig{authEnabled=true, nacosAuthSystemType='nacos'}

2025-08-26 17:45:08,085 INFO Get NacosServerAdminAuth config from env, NacosServerAdminAuthConfig{authEnabled=true, nacosAuthSystemType='nacos', serverIdentityKey='elementoj', serverIdentityValue='qiyuan11111'}

2025-08-26 17:45:08,093 INFO Get NacosServerAuth config from env, NacosServerAuthConfig{authEnabled=false, nacosAuthSystemType='nacos', serverIdentityKey='elementoj', serverIdentityValue='qiyuan11111', authPluginProperties={nacos={token.expire.seconds=18000, token.secret.key=ZWxlbWVudG9qcWl5dWFuMTExMTFRcTEwNjk4NzYzMiE=, token.cache.enable=false}}}

2025-08-26 17:45:08,095 INFO Not found ServerIdentityChecker implementation from SPI, use default.

2025-08-26 17:45:08,647 INFO Nacos Server is starting...

2025-08-26 17:45:09,476 INFO Creating McpCacheIndex bean with maxSize=10000, expireTime=3600s, cleanupInterval=300s

2025-08-26 17:45:09,479 INFO Creating ScheduledExecutorService for MCP cache with syncInterval=300s

2025-08-26 17:45:09,481 INFO Creating CachedMcpServerIndex bean with cache enabled

2025-08-26 17:45:09,482 INFO Cache sync task started with interval: 300s

2025-08-26 17:45:09,482 INFO CachedMcpServerIndex initialized with cacheEnabled=true, syncInterval=300s

2025-08-26 17:45:09,663 INFO Nacos Server is starting...

2025-08-26 17:45:09,787 WARN Global AuthenticationManager configured with an AuthenticationProvider bean. UserDetailsService beans will not be used by Spring Security for automatically configuring username/password login. Consider removing the AuthenticationProvider bean. Alternatively, consider using the UserDetailsService in a manually instantiated DaoAuthenticationProvider. If the current configuration is intentional, to turn off this warning, increase the logging level of 'org.springframework.security.config.annotation.authentication.configuration.InitializeUserDetailsBeanManagerConfigurer' to ERROR

2025-08-26 17:45:10,593 INFO Started NacosBootstrap in 6.801 seconds (process running for 7.308)

2025-08-26 17:45:10,593 INFO Nacos started successfully in stand alone mode with embedded storage in 6784 ms

2025-08-26 17:45:10,607 INFO Spring Environment's active profiles : [standalone] in standalone mode : true

2025-08-26 17:45:10,637 INFO The following 1 profile is active: "standalone"

2025-08-26 17:45:10,649 INFO Load Nacos package exclude filter success, package prefix com.alibaba.nacos.config.server, filter com.alibaba.nacos.config.server.filter.ConfigEnabledFilter

2025-08-26 17:45:10,649 INFO Load Nacos package exclude filter success, package prefix com.alibaba.nacos.naming, filter com.alibaba.nacos.naming.config.NamingEnabledFilter

2025-08-26 17:45:10,649 INFO Load Nacos package exclude filter success, package prefix com.alibaba.nacos.ai, filter com.alibaba.nacos.ai.config.AiEnabledFilter

2025-08-26 17:45:10,649 INFO Load Nacos package exclude filter success, package prefix com.alibaba.nacos.istio, filter com.alibaba.nacos.istio.config.IstioEnabledFilter

2025-08-26 17:45:10,649 INFO Load Nacos package exclude filter success, package prefix com.alibaba.nacos.k8s.sync, filter com.alibaba.nacos.k8s.sync.K8sSyncEnabledFilter

2025-08-26 17:45:11,464 WARN Bean 'nacosWebBeanPostProcessorConfiguration' of type [com.alibaba.nacos.server.NacosWebBeanPostProcessorConfiguration$$SpringCGLIB$$0] is not eligible for getting processed by all BeanPostProcessors (for example: not eligible for auto-proxying). The currently created BeanPostProcessor [nacosDuplicateSpringBeanPostProcessor] is declared through a non-static factory method on that class; consider declaring it as static instead.

2025-08-26 17:45:11,639 INFO Nacos Server API is starting...

2025-08-26 17:45:11,763 INFO Tomcat initialized with port 8848 (http)

2025-08-26 17:45:11,782 INFO Starting service [Tomcat]

2025-08-26 17:45:11,782 INFO Starting Servlet engine: [Apache Tomcat/10.1.39]

2025-08-26 17:45:11,821 INFO Initializing Spring embedded WebApplicationContext

2025-08-26 17:45:11,821 INFO Root WebApplicationContext: initialization completed in 1181 ms

2025-08-26 17:45:12,080 INFO Get ApiCompatibility config from env, ApiCompatibilityConfig{clientApiCompatibility=true, consoleApiCompatibility=false, adminApiCompatibility=false}

2025-08-26 17:45:12,193 INFO Adding welcome page: class path resource [static/index.html]

2025-08-26 17:45:12,590 INFO Exposing 1 endpoint beneath base path '/actuator'

2025-08-26 17:45:12,627 INFO Tomcat started on port 8848 (http) with context path '/nacos'

2025-08-26 17:45:12,641 INFO Started NacosBootstrap in 2.039 seconds (process running for 9.355)

2025-08-26 17:45:12,641 INFO Nacos Server API started successfully in 2040 ms

2025-08-26 17:45:12,654 INFO Spring Environment's active profiles : [standalone] in standalone mode : true

2025-08-26 17:45:12,677 INFO The following 1 profile is active: "standalone"

2025-08-26 17:45:12,992 WARN Bean 'nacosConsoleBeanPostProcessorConfiguration' of type [com.alibaba.nacos.console.config.NacosConsoleBeanPostProcessorConfiguration$$SpringCGLIB$$0] is not eligible for getting processed by all BeanPostProcessors (for example: not eligible for auto-proxying). The currently created BeanPostProcessor [nacosDuplicateSpringBeanPostProcessor] is declared through a non-static factory method on that class; consider declaring it as static instead.

2025-08-26 17:45:13,045 INFO Tomcat initialized with port 8080 (http)

2025-08-26 17:45:13,046 INFO Starting service [Tomcat]

2025-08-26 17:45:13,046 INFO Starting Servlet engine: [Apache Tomcat/10.1.39]

2025-08-26 17:45:13,049 INFO Initializing Spring embedded WebApplicationContext

2025-08-26 17:45:13,049 INFO Root WebApplicationContext: initialization completed in 369 ms

2025-08-26 17:45:13,184 INFO Adding welcome page: class path resource [static/index.html]

2025-08-26 17:45:13,383 INFO Exposing 1 endpoint beneath base path '/actuator'

2025-08-26 17:45:13,404 INFO Tomcat started on port 8080 (http) with context path '/'

2025-08-26 17:45:13,414 INFO Started NacosBootstrap in 0.763 seconds (process running for 10.129)

2025-08-26 17:45:13,414 INFO Nacos Console started successfully in 763 ms

2025-08-26 17:45:30,013 INFO Get topN config from env, TopNConfig{enabled=true, topNCount=10, internalMs=0}

2025-08-26 17:45:48,738 INFO Initializing Spring DispatcherServlet 'dispatcherServlet'

2025-08-26 17:45:48,738 INFO Initializing Servlet 'dispatcherServlet'

2025-08-26 17:45:48,740 INFO Completed initialization in 2 ms

2025-08-26 17:45:48,785 INFO Get ParamCheck config from env, ParamCheckConfig{paramCheckEnabled=true, activeParamChecker=default}

2025-08-26 17:45:49,183 INFO [AuthPluginManager] Load AuthPluginService(class com.alibaba.nacos.plugin.auth.impl.NacosAuthPluginService) AuthServiceName(nacos) successfully.

2025-08-26 17:45:49,183 INFO [AuthPluginManager] Load AuthPluginService(class com.alibaba.nacos.plugin.auth.impl.LdapAuthPluginService) AuthServiceName(ldap) successfully.

2025-08-26 17:55:07,450 INFO [capacityManagement] start correct usage

2025-08-26 17:55:07,472 INFO [capacityManagement] end correct usage, cost: 0.0094695s

2025-08-26 17:55:08,007 WARN clearHistoryConfig get scheduled

2025-08-26 17:55:08,007 WARN clearHistoryConfig is enable in current context, try to run cleaner

2025-08-26 17:55:08,010 WARN clearConfigHistory, getBeforeStamp:2025-07-27 17:55:08.0, pageSize:1000

2025-08-26 17:55:08,028 WARN history config cleaner successfully

2025-08-26 18:05:07,486 INFO [capacityManagement] start correct usage

2025-08-26 18:05:07,486 INFO [capacityManagement] end correct usage, cost: 7.544E-4s

2025-08-26 18:05:08,045 WARN clearHistoryConfig get scheduled

2025-08-26 18:05:08,045 WARN clearHistoryConfig is enable in current context, try to run cleaner

2025-08-26 18:05:08,045 WARN clearConfigHistory, getBeforeStamp:2025-07-27 18:05:08.0, pageSize:1000

2025-08-26 18:05:08,046 WARN history config cleaner successfully

2025-08-26 18:15:07,514 INFO [capacityManagement] start correct usage

2025-08-26 18:15:07,514 INFO [capacityManagement] end correct usage, cost: 9.367E-4s

2025-08-26 18:15:08,060 WARN clearHistoryConfig get scheduled

2025-08-26 18:15:08,060 WARN clearHistoryConfig is enable in current context, try to run cleaner

2025-08-26 18:15:08,062 WARN clearConfigHistory, getBeforeStamp:2025-07-27 18:15:08.0, pageSize:1000

2025-08-26 18:15:08,064 WARN history config cleaner successfully

2025-08-26 18:25:07,544 INFO [capacityManagement] start correct usage

2025-08-26 18:25:07,545 INFO [capacityManagement] end correct usage, cost: 9.588E-4s

2025-08-26 18:25:08,086 WARN clearHistoryConfig get scheduled

2025-08-26 18:25:08,086 WARN clearHistoryConfig is enable in current context, try to run cleaner

2025-08-26 18:25:08,086 WARN clearConfigHistory, getBeforeStamp:2025-07-27 18:25:08.0, pageSize:1000

2025-08-26 18:25:08,087 WARN history config cleaner successfully

2025-08-26 18:35:07,573 INFO [capacityManagement] start correct usage

2025-08-26 18:35:07,584 INFO [capacityManagement] end correct usage, cost: 0.01031s

2025-08-26 18:35:08,101 WARN clearHistoryConfig get scheduled

2025-08-26 18:35:08,101 WARN clearHistoryConfig is enable in current context, try to run cleaner

2025-08-26 18:35:08,101 WARN clearConfigHistory, getBeforeStamp:2025-07-27 18:35:08.0, pageSize:1000

2025-08-26 18:35:08,102 WARN history config cleaner successfully

2025-08-26 18:45:07,615 INFO [capacityManagement] start correct usage

2025-08-26 18:45:07,616 INFO [capacityManagement] end correct usage, cost: 0.0014825s

2025-08-26 18:45:08,129 WARN clearHistoryConfig get scheduled

2025-08-26 18:45:08,129 WARN clearHistoryConfig is enable in current context, try to run cleaner

2025-08-26 18:45:08,129 WARN clearConfigHistory, getBeforeStamp:2025-07-27 18:45:08.0, pageSize:1000

2025-08-26 18:45:08,131 WARN history config cleaner successfully

2025-08-26 18:55:07,645 INFO [capacityManagement] start correct usage

2025-08-26 18:55:07,655 INFO [capacityManagement] end correct usage, cost: 0.0105459s

2025-08-26 18:55:08,157 WARN clearHistoryConfig get scheduled

2025-08-26 18:55:08,157 WARN clearHistoryConfig is enable in current context, try to run cleaner

2025-08-26 18:55:08,159 WARN clearConfigHistory, getBeforeStamp:2025-07-27 18:55:08.0, pageSize:1000

2025-08-26 18:55:08,161 WARN history config cleaner successfully

2025-08-26 19:05:07,693 INFO [capacityManagement] start correct usage

2025-08-26 19:05:07,694 INFO [capacityManagement] end correct usage, cost: 8.9E-4s

2025-08-26 19:05:08,189 WARN clearHistoryConfig get scheduled

2025-08-26 19:05:08,189 WARN clearHistoryConfig is enable in current context, try to run cleaner

2025-08-26 19:05:08,189 WARN clearConfigHistory, getBeforeStamp:2025-07-27 19:05:08.0, pageSize:1000

2025-08-26 19:05:08,190 WARN history config cleaner successfully

2025-08-26 19:15:07,717 INFO [capacityManagement] start correct usage

2025-08-26 19:15:07,717 INFO [capacityManagement] end correct usage, cost: 4.997E-4s

2025-08-26 19:15:08,218 WARN clearHistoryConfig get scheduled

2025-08-26 19:15:08,218 WARN clearHistoryConfig is enable in current context, try to run cleaner

2025-08-26 19:15:08,218 WARN clearConfigHistory, getBeforeStamp:2025-07-27 19:15:08.0, pageSize:1000

2025-08-26 19:15:08,220 WARN history config cleaner successfully

2025-08-26 19:25:07,739 INFO [capacityManagement] start correct usage

2025-08-26 19:25:07,739 INFO [capacityManagement] end correct usage, cost: 5.932E-4s

2025-08-26 19:25:08,238 WARN clearHistoryConfig get scheduled

2025-08-26 19:25:08,238 WARN clearHistoryConfig is enable in current context, try to run cleaner

2025-08-26 19:25:08,238 WARN clearConfigHistory, getBeforeStamp:2025-07-27 19:25:08.0, pageSize:1000

2025-08-26 19:25:08,240 WARN history config cleaner successfully

2025-08-26 19:35:07,771 INFO [capacityManagement] start correct usage

2025-08-26 19:35:07,771 INFO [capacityManagement] end correct usage, cost: 2.835E-4s

2025-08-26 19:35:08,268 WARN clearHistoryConfig get scheduled

2025-08-26 19:35:08,269 WARN clearHistoryConfig is enable in current context, try to run cleaner

2025-08-26 19:35:08,269 WARN clearConfigHistory, getBeforeStamp:2025-07-27 19:35:08.0, pageSize:1000

2025-08-26 19:35:08,270 WARN history config cleaner successfully

2025-08-26 19:45:07,793 INFO [capacityManagement] start correct usage

2025-08-26 19:45:07,793 INFO [capacityManagement] end correct usage, cost: 6.566E-4s

2025-08-26 19:45:08,291 WARN clearHistoryConfig get scheduled

2025-08-26 19:45:08,291 WARN clearHistoryConfig is enable in current context, try to run cleaner

2025-08-26 19:45:08,291 WARN clearConfigHistory, getBeforeStamp:2025-07-27 19:45:08.0, pageSize:1000

2025-08-26 19:45:08,291 WARN history config cleaner successfully

2025-08-26 19:55:07,807 INFO [capacityManagement] start correct usage

2025-08-26 19:55:07,809 INFO [capacityManagement] end correct usage, cost: 0.0015145s

2025-08-26 19:55:08,304 WARN clearHistoryConfig get scheduled

2025-08-26 19:55:08,304 WARN clearHistoryConfig is enable in current context, try to run cleaner

2025-08-26 19:55:08,304 WARN clearConfigHistory, getBeforeStamp:2025-07-27 19:55:08.0, pageSize:1000

2025-08-26 19:55:08,305 WARN history config cleaner successfully

2025-08-26 19:56:51,231 INFO [CapacityManagement] Intercepting publishConfig operation for dataId: common-mysql.yml, group: DATABASE, namespaceId: 912999fd-8d07-40f5-be78-5c22ee6816a9

2025-08-26 19:56:51,235 INFO [CapacityManagement] Handling insert operation for group: DATABASE, namespaceId: 912999fd-8d07-40f5-be78-5c22ee6816a9

2025-08-26 19:56:51,774 INFO [ConfigCacheFactoryDelegate] Matched ConfigCacheFactory not found, Load Default NacosConfigCacheFactory successfully.

2025-08-26 19:56:51,844 INFO [ConfigCachePostProcessorDelegate] Matched ConfigCachePostProcessor not found, load Default NacosConfigCachePostProcessor successfully

2025-08-26 19:57:11,401 INFO [CapacityManagement] Intercepting publishConfig operation for dataId: common-mysql.yml, group: DATABASE, namespaceId: 912999fd-8d07-40f5-be78-5c22ee6816a9

2025-08-26 19:57:17,266 INFO [CapacityManagement] Intercepting publishConfig operation for dataId: common-mysql.yml, group: DATABASE, namespaceId: 912999fd-8d07-40f5-be78-5c22ee6816a9

2025-08-26 19:59:33,955 INFO [CapacityManagement] Intercepting publishConfig operation for dataId: common-security.yml, group: SECURITY, namespaceId: 912999fd-8d07-40f5-be78-5c22ee6816a9

2025-08-26 19:59:33,955 INFO [CapacityManagement] Handling insert operation for group: SECURITY, namespaceId: 912999fd-8d07-40f5-be78-5c22ee6816a9

2025-08-26 20:05:07,834 INFO [capacityManagement] start correct usage

2025-08-26 20:05:08,074 INFO [capacityManagement] end correct usage, cost: 0.2392719s

2025-08-26 20:05:08,335 WARN clearHistoryConfig get scheduled

2025-08-26 20:05:08,335 WARN clearHistoryConfig is enable in current context, try to run cleaner

2025-08-26 20:05:08,335 WARN clearConfigHistory, getBeforeStamp:2025-07-27 20:05:08.0, pageSize:1000

2025-08-26 20:05:08,337 WARN history config cleaner successfully

2025-08-26 20:07:36,477 INFO ConfigQueryRequestExtractor has been initialized successfully with extractor: nacos

2025-08-26 20:07:42,409 INFO Get Push config from env, PushConfig{pushTaskDelay=500, pushTaskTimeout=5000, pushTaskRetryDelay=1000}

2025-08-26 20:10:13,164 INFO [CapacityManagement] Intercepting publishConfig operation for dataId: common-mysql.yml, group: DATABASE, namespaceId: 912999fd-8d07-40f5-be78-5c22ee6816a9

2025-08-26 20:11:37,156 INFO [CapacityManagement] Intercepting publishConfig operation for dataId: common-security.yml, group: SECURITY, namespaceId: 912999fd-8d07-40f5-be78-5c22ee6816a9

